district_code,hospitals,district_name_english,state_name_english,pop_now,aspirational,hospitals_per_lakh,specialties
1,25,Anantnag,Jammu And Kashmir,1158867.6834221075,False,2.15727820851606,21.0
2,14,Budgam,Jammu And Kashmir,881757.4349712201,False,1.5877382423723991,16.0
3,15,Baramulla,Jammu And Kashmir,1186220.1496902034,True,1.2645207556048887,19.0
4,4,Doda,Jammu And Kashmir,612835.6837561834,False,0.6527035069960776,9.0
5,60,Jammu,Jammu And Kashmir,1936598.9867857902,False,3.0982149845892013,24.0
6,5,Kargil,Ladakh,174551.11169387214,False,2.8644904930591353,
7,7,Kathua,Jammu And Kashmir,729668.3847329078,False,0.9593399065196339,11.0
8,13,Kupwara,Jammu And Kashmir,1172030.2121566117,True,1.1091864241348486,17.0
9,5,Leh Ladakh,Ladakh,165693.81581102536,False,3.0176141309356566,
10,5,Poonch,Jammu And Kashmir,694152.2659007441,False,0.7203030582219467,12.0
11,9,Pulwama,Jammu And Kashmir,696708.9523566635,False,1.291787620864769,14.0
12,11,Rajouri,Jammu And Kashmir,614741.1574428679,False,1.7893710005942307,16.0
13,47,Srinagar,Jammu And Kashmir,1601006.942531314,False,2.935652479163483,24.0
14,4,Udhampur,Jammu And Kashmir,751246.4293388574,False,0.5324484541670625,10.0
15,15,Bilaspur,Himachal Pradesh,483525.1007886491,False,3.1022174392879274,24.0
16,13,Chamba,Himachal Pradesh,568345.432996525,True,2.2873413324462284,21.0
17,17,Hamirpur,Himachal Pradesh,519709.0625173332,False,3.271060911975731,24.0
18,59,Kangra,Himachal Pradesh,1651769.1826613627,False,3.5719276409393985,24.0
19,6,Kinnaur,Himachal Pradesh,91852.22801656192,False,6.5322313127974825,4.0
20,22,Kullu,Himachal Pradesh,455466.4264945463,False,4.830213319853429,14.0
21,6,Lahaul And Spiti,Himachal Pradesh,33565.0269787866,False,17.875749075941616,2.0
22,46,Mandi,Himachal Pradesh,1148234.4872249246,False,4.006150356202389,23.0
23,23,Shimla,Himachal Pradesh,921473.7362462453,False,2.496001686786406,24.0
24,16,Sirmaur,Himachal Pradesh,568464.4530127035,False,2.8145999130120543,18.0
25,33,Solan,Himachal Pradesh,677025.6510801879,False,4.874261403146073,24.0
26,32,Una,Himachal Pradesh,580832.2722552075,False,5.509335746058504,16.0
27,90,Amritsar,Punjab,2950655.5100077447,False,3.0501696892350467,24.0
28,89,Bathinda,Punjab,1659255.0048924421,False,5.363853038717773,24.0
29,17,Faridkot,Punjab,672242.2049387791,False,2.5288504463280734,24.0
30,14,Fatehgarh Sahib,Punjab,655662.3477313789,False,2.1352453817792996,24.0
31,18,Ferozepur,Punjab,934460.9340356236,True,1.9262442488916078,24.0
32,37,Gurdaspur,Punjab,1824942.2055425039,False,2.027461466320844,24.0
33,21,Hoshiarpur,Punjab,1778883.384623915,False,1.1805158326575602,24.0
34,64,Jalandhar,Punjab,2466030.1176819317,False,2.59526432954355,24.0
35,13,Kapurthala,Punjab,874114.0279404953,False,1.4872201548611879,24.0
36,94,Ludhiana,Punjab,4156393.0009868424,False,2.26157632297239,24.0
37,17,Mansa,Punjab,768705.7409588895,False,2.211509436470979,24.0
38,30,Moga,Punjab,1065376.3844717308,True,2.815906231568627,24.0
39,26,Sri Muktsar Sahib,Punjab,1127708.3844097806,False,2.3055605828104104,24.0
40,10,Shahid Bhagat Singh Nagar,Punjab,679887.6432978029,False,1.4708312613970869,24.0
41,64,Patiala,Punjab,2206089.0561679434,False,2.9010614880239842,24.0
42,28,Rupnagar,Punjab,725096.1358046882,False,3.8615569187838115,24.0
43,25,Sangrur,Punjab,1376913.718482959,False,1.8156547984389484,24.0
44,31,Chandigarh,Chandigarh,940788.9137053054,False,3.295106856426085,24.0
45,12,Almora,Uttarakhand,704035.586577016,False,1.7044592956363709,22.0
46,4,Bageshwar,Uttarakhand,291491.27627507417,False,1.372253760426533,13.0
47,9,Chamoli,Uttarakhand,482039.01386750053,False,1.8670687934138577,13.0
48,4,Champawat,Uttarakhand,301481.71760001074,False,1.326780287654782,11.0
49,72,Dehradun,Uttarakhand,2067021.4696598048,False,3.483272963383875,24.0
50,54,Haridwar,Uttarakhand,2343471.993457813,True,2.304273323971862,24.0
51,35,Nainital,Uttarakhand,1117228.6143684431,False,3.132751842359955,24.0
52,13,Pauri Garhwal,Uttarakhand,780997.5414601384,False,1.6645378903108252,22.0
53,11,Pithoragarh,Uttarakhand,552641.2825841503,False,1.9904412403944935,14.0
54,3,Rudra Prayag,Uttarakhand,249022.51932156706,False,1.2047103242602923,9.0
55,10,Tehri Garhwal,Uttarakhand,699331.7328543726,False,1.4299365423022181,13.0
56,63,Udam Singh Nagar,Uttarakhand,1959666.4269139322,True,3.2148328478133865,24.0
57,4,Uttar Kashi,Uttarakhand,414830.5359230782,False,0.9642491701097236,16.0
58,72,Ambala,Haryana,1354651.4967858528,False,5.315020148786059,24.0
59,76,Bhiwani,Haryana,1319359.1693796264,False,5.760372290112315,22.0
60,40,Faridabad,Haryana,2321310.1575147784,False,1.7231648201128134,23.0
61,41,Fatehabad,Haryana,1077649.3248731822,False,3.8045771526674392,15.0
62,62,Gurugram,Haryana,2241701.985464285,False,2.7657556803724295,24.0
63,115,Hisar,Haryana,2088676.3624267369,False,5.505879324759859,24.0
64,49,Jhajjar,Haryana,1093609.1693280942,False,4.480576916715617,19.0
65,42,Jind,Haryana,1576770.3602735875,False,2.663672596732001,17.0
66,29,Kaithal,Haryana,1270675.345024759,False,2.2822509395139745,17.0
67,72,Karnal,Haryana,1775148.097610475,False,4.055999614731814,24.0
68,58,Kurukshetra,Haryana,1124436.8758991428,False,5.158137485807816,23.0
69,59,Mahendragarh,Haryana,1031537.0609012923,False,5.719619995858365,15.0
70,26,Panchkula,Haryana,582290.6269969653,False,4.465124251456568,14.0
71,73,Panipat,Haryana,1434510.4629265154,False,5.088844026349881,24.0
72,47,Rewari,Haryana,1042916.17926015,False,4.506594195646867,21.0
73,64,Rohtak,Haryana,1313265.9724855246,False,4.873346400567417,24.0
74,89,Sirsa,Haryana,1529774.7068365933,False,5.817850145008755,24.0
75,75,Sonipat,Haryana,1759886.3927286929,False,4.261638723378784,22.0
76,56,Yamunanagar,Haryana,1452284.363996737,False,3.855994141938295,23.0
86,70,Ajmer,Rajasthan,2206233.4238236393,False,3.1728283709292415,15.0
87,112,Alwar,Rajasthan,2218628.3523978554,False,5.048164100082483,17.0
88,30,Banswara,Rajasthan,2249951.2993668276,False,1.3333621935924782,9.0
89,22,Baran,Rajasthan,1448696.7961349234,True,1.5186062438113548,15.0
90,46,Barmer,Rajasthan,2070594.6708198558,False,2.221584004260294,11.0
91,62,Bharatpur,Rajasthan,1738918.1324809967,False,3.565435246312698,15.0
92,50,Bhilwara,Rajasthan,2033149.8394425516,False,2.459238322233495,19.0
93,40,Bikaner,Rajasthan,2940137.7171058697,False,1.3604804893076259,20.0
94,23,Bundi,Rajasthan,1421926.7268373582,False,1.6175235731841455,9.0
95,35,Chittorgarh,Rajasthan,1878280.6683681337,False,1.8634062837056349,13.0
96,49,Churu,Rajasthan,2420656.4289155374,False,2.0242443088857582,16.0
97,41,Dausa,Rajasthan,2262890.6371191037,False,1.8118418684253026,14.0
98,14,Dholpur,Rajasthan,1508981.6187562589,True,0.9277780342705008,9.0
99,23,Dungarpur,Rajasthan,1714456.4871219185,False,1.3415330265167835,10.0
100,73,Ganganagar,Rajasthan,1453832.3384993747,False,5.021211735828464,16.0
101,44,Hanumangarh,Rajasthan,2224940.585587418,False,1.9775808974415074,11.0
102,373,Jaipur,Rajasthan,5357741.209993614,False,6.961889075647321,20.0
103,17,Jaisalmer,Rajasthan,831746.0944589318,True,2.043892975663307,5.0
104,34,Jalore,Rajasthan,1231454.0442674311,False,2.760963769478378,15.0
105,27,Jhalawar,Rajasthan,1729997.3435981516,False,1.560696038055399,15.0
106,87,Jhunjhunu,Rajasthan,1326251.8406233843,False,6.559840094857624,18.0
107,121,Jodhpur,Rajasthan,1810930.4292524199,False,6.68164817628862,22.0
108,29,Karauli,Rajasthan,884253.892633446,True,3.2796010559403332,9.0
109,55,Kota,Rajasthan,2385857.4603487123,False,2.3052508757988126,20.0
110,80,Nagaur,Rajasthan,2005145.8623586225,False,3.9897346872260564,15.0
111,47,Pali,Rajasthan,1498571.7215577136,False,3.1363196918693435,15.0
112,27,Rajsamand,Rajasthan,1408982.1389546285,False,1.9162769529521653,10.0
113,35,Sawai Madhopur,Rajasthan,1650657.8869364995,False,2.120366689972169,14.0
114,103,Sikar,Rajasthan,3179380.9399505225,False,3.2396243779961416,20.0
115,20,Sirohi,Rajasthan,1275948.563600002,True,1.5674613045193109,13.0
116,33,Tonk,Rajasthan,1733619.5335962703,False,1.9035318511636663,18.0
117,70,Udaipur,Rajasthan,3004171.3215415636,False,2.3300934769618973,13.0
118,130,Agra,Uttar Pradesh,5357625.080969152,False,2.4264482496502726,24.0
119,91,Aligarh,Uttar Pradesh,4347047.649131718,False,2.093374799288809,24.0
120,190,Prayagraj,Uttar Pradesh,7393932.78377535,False,2.569674428430303,23.0
121,37,Ambedkar Nagar,Uttar Pradesh,3038544.1288927314,False,1.2176884201936236,13.0
122,34,Auraiya,Uttar Pradesh,1664724.9690651596,False,2.042379409920967,12.0
123,84,Azamgarh,Uttar Pradesh,5580758.89195481,False,1.5051716375185804,19.0
124,34,Baghpat,Uttar Pradesh,1497059.5325035995,False,2.2711187672770956,17.0
125,87,Bahraich,Uttar Pradesh,4156731.0540964794,True,2.092990835052007,17.0
126,62,Ballia,Uttar Pradesh,3769569.904936715,False,1.644749973168116,17.0
127,50,Balrampur,Uttar Pradesh,2516517.086674228,True,1.986873058194843,12.0
128,26,Banda,Uttar Pradesh,2190276.1629053843,False,1.187064920868755,10.0
129,71,Bara Banki,Uttar Pradesh,3856710.19049542,False,1.8409472450114168,24.0
130,250,Bareilly,Uttar Pradesh,5099137.658495271,False,4.902789780218911,24.0
131,103,Basti,Uttar Pradesh,2754658.150915965,False,3.739120949209286,19.0
132,111,Bijnor,Uttar Pradesh,4354728.027953579,False,2.5489536725939304,19.0
133,45,Budaun,Uttar Pradesh,3776763.6547610285,False,1.1914963210174012,17.0
134,156,Bulandshahr,Uttar Pradesh,4354092.181344041,False,3.582836410042316,16.0
135,62,Chandauli,Uttar Pradesh,2106003.719874143,True,2.943964410647156,20.0
136,31,Chitrakoot,Uttar Pradesh,1246576.0414481459,True,2.4868117924027593,7.0
137,53,Deoria,Uttar Pradesh,3550874.5767660798,False,1.4925900325172614,14.0
138,21,Etah,Uttar Pradesh,2187288.781987932,False,0.9600927034844484,9.0
139,48,Etawah,Uttar Pradesh,1953323.375618933,False,2.457350411054731,16.0
140,71,Ayodhya,Uttar Pradesh,3390073.162519542,False,2.094350080257028,19.0
141,27,Farrukhabad,Uttar Pradesh,2230034.1291005206,False,1.2107438019744743,23.0
142,55,Fatehpur,Uttar Pradesh,3109074.9002318797,True,1.7690149566965405,12.0
143,55,Firozabad,Uttar Pradesh,2990851.937729205,False,1.8389409153352667,22.0
144,80,Gautam Buddha Nagar,Uttar Pradesh,2467422.7316051503,False,3.2422494522435166,24.0
145,106,Ghaziabad,Uttar Pradesh,4902650.230604972,False,2.162095907603018,24.0
146,35,Ghazipur,Uttar Pradesh,4296014.8444355335,False,0.814708544253151,16.0
147,92,Gonda,Uttar Pradesh,3823288.708329091,False,2.406305330789606,20.0
148,281,Gorakhpur,Uttar Pradesh,5334090.23057485,False,5.26800237441272,24.0
149,37,Hamirpur,Uttar Pradesh,1460520.5529266912,False,2.5333433292572884,23.0
150,62,Hardoi,Uttar Pradesh,4895124.970261643,False,1.2665662342975101,13.0
151,40,Jalaun,Uttar Pradesh,2012736.3035476124,False,1.9873442899348877,10.0
152,147,Jaunpur,Uttar Pradesh,5138390.180373405,False,2.8608181714475713,18.0
153,66,Jhansi,Uttar Pradesh,2331989.565774316,False,2.830201342607007,21.0
154,51,Amroha,Uttar Pradesh,2293327.3798535466,False,2.2238429823855714,18.0
155,45,Kannauj,Uttar Pradesh,1975610.943411449,False,2.2777764088659493,15.0
156,38,Kanpur Dehat,Uttar Pradesh,2100491.7799560716,False,1.8091001527649258,21.0
157,228,Kanpur Nagar,Uttar Pradesh,5254669.809518365,False,4.338997658558838,24.0
158,34,Kaushambi,Uttar Pradesh,1969618.6549881974,False,1.7262224803716502,12.0
159,82,Kheri,Uttar Pradesh,4823593.000151733,False,1.6999775892663533,11.0
160,84,Kushinagar,Uttar Pradesh,4356276.924876296,False,1.9282520704852877,12.0
161,23,Lalitpur,Uttar Pradesh,1501658.4405663058,False,1.5316399108259422,10.0
162,325,Lucknow,Uttar Pradesh,6335741.9623711305,False,5.12962809928531,24.0
163,37,Hathras,Uttar Pradesh,1822513.8095927201,False,2.0301629433616446,14.0
164,49,Mahrajganj,Uttar Pradesh,3372605.8809874007,False,1.4528824810580663,18.0
165,24,Mahoba,Uttar Pradesh,1077540.901067933,False,2.227293643908458,7.0
166,31,Mainpuri,Uttar Pradesh,2186101.261097931,False,1.4180495913730362,12.0
167,91,Mathura,Uttar Pradesh,3123472.7095167013,False,2.913423886264098,24.0
168,54,Mau,Uttar Pradesh,2313272.5339235114,False,2.3343553000394337,20.0
169,153,Meerut,Uttar Pradesh,4079593.0579276234,False,3.7503740649495536,24.0
170,78,Mirzapur,Uttar Pradesh,3160388.6807918786,False,2.4680508595055475,14.0
171,126,Moradabad,Uttar Pradesh,3850200.240233733,False,3.2725570655605947,22.0
172,97,Muzaffarnagar,Uttar Pradesh,3452632.6678107176,False,2.809450333490206,17.0
173,49,Pilibhit,Uttar Pradesh,2553263.3739700923,False,1.919112634424762,14.0
174,87,Pratapgarh,Uttar Pradesh,3982784.634697654,False,2.1844013166583,14.0
175,87,Rae Bareli,Uttar Pradesh,3524298.9327887264,False,2.468576067443807,23.0
176,35,Rampur,Uttar Pradesh,2986893.822995926,False,1.1717858777080385,14.0
177,103,Saharanpur,Uttar Pradesh,4190484.76927858,False,2.4579495135053824,21.0
178,65,Sant Kabir Nagar,Uttar Pradesh,2109385.8755904315,False,3.081465593951892,15.0
179,52,Bhadohi,Uttar Pradesh,1939028.4969751327,False,2.6817553265008502,21.0
180,65,Shahjahanpur,Uttar Pradesh,3644975.4727261416,False,1.783276745930621,18.0
181,23,Shrawasti,Uttar Pradesh,1352151.3346842728,True,1.7009930331038352,11.0
182,27,Siddharthnagar,Uttar Pradesh,3297962.0273067704,True,0.8186874129066044,9.0
183,88,Sitapur,Uttar Pradesh,5428224.860120261,False,1.6211561287100105,14.0
184,32,Sonbhadra,Uttar Pradesh,2312572.608397339,True,1.383740336792135,11.0
185,90,Sultanpur,Uttar Pradesh,2661545.809931744,False,3.3814935540150657,14.0
186,78,Unnao,Uttar Pradesh,3726552.4067450413,False,2.0930874300552,17.0
187,225,Varanasi,Uttar Pradesh,4637690.430088291,False,4.851552801805197,24.0
188,13,Araria,Bihar,3675584.9801701256,True,0.35368519759807837,7.0
189,18,Aurangabad,Bihar,3424661.8635273497,True,0.5255993355636072,13.0
190,12,Banka,Bihar,2817936.253352872,True,0.4258435578775783,11.0
191,48,Begusarai,Bihar,4172850.4782816297,True,1.150292833395897,14.0
192,50,Bhagalpur,Bihar,3893149.0191134466,False,1.2843073757137113,21.0
193,33,Bhojpur,Bihar,3644415.9942203066,False,0.9054948735911276,12.0
194,14,Buxar,Bihar,1997175.830715259,False,0.7009898570115435,11.0
195,51,Darbhanga,Bihar,4890324.16209899,False,1.042875652196237,19.0
196,41,Gaya,Bihar,5730002.880819759,True,0.7155319264714638,16.0
197,22,Gopalganj,Bihar,3220722.3152440246,False,0.683076584897482,12.0
198,16,Jamui,Bihar,2260277.885349742,True,0.7078775624760959,10.0
199,11,Jehanabad,Bihar,1378269.7468148058,False,0.7981021150192916,8.0
200,13,Kaimur (Bhabua),Bihar,1974437.2072152477,False,0.6584154691014581,9.0
201,28,Katihar,Bihar,3829282.487333551,True,0.7312074805820156,17.0
202,11,Khagaria,Bihar,2202758.7953162966,True,0.4993737863350806,9.0
203,17,Kishanganj,Bihar,2204597.349093954,False,0.7711158687089351,12.0
204,9,Lakhisarai,Bihar,1204204.7942399597,False,0.7473811799329697,9.0
205,22,Madhepura,Bihar,2840466.5385709275,False,0.7745206536060256,24.0
206,47,Madhubani,Bihar,5405607.876111588,False,0.8694674322882716,15.0
207,16,Munger,Bihar,1739732.9532150538,False,0.9196813781351759,11.0
208,69,Muzaffarpur,Bihar,6030715.466976966,True,1.1441428529969733,21.0
209,36,Nalanda,Bihar,3645108.1759087183,False,0.9876250103613256,13.0
210,19,Nawada,Bihar,2925311.9520525066,True,0.6495033798589891,16.0
211,24,Pashchim Champaran,Bihar,4925819.392647587,False,0.48722858243286504,24.0
212,175,Patna,Bihar,7537187.934480571,False,2.3218208371775226,24.0
213,29,Purbi Champaran,Bihar,6778699.5076587945,False,0.4278106732306818,11.0
214,27,Purnia,Bihar,4128523.677405553,True,0.6539868027829101,24.0
215,29,Rohtas,Bihar,3792902.132996359,False,0.7645860342062203,19.0
216,16,Saharsa,Bihar,2388347.885899737,False,0.669919156018282,17.0
217,43,Samastipur,Bihar,5574249.113321113,False,0.7714043474885317,12.0
218,25,Saran,Bihar,4904522.40282481,False,0.5097336284079566,10.0
219,7,Sheikhpura,Bihar,678723.131935972,True,1.031348376182993,11.0
220,5,Sheohar,Bihar,859870.1562135209,False,0.5814831418289638,9.0
221,32,Sitamarhi,Bihar,4191104.9649816803,True,0.7635217983651688,20.0
222,27,Siwan,Bihar,3719413.5532451407,False,0.7259208908469683,10.0
223,18,Supaul,Bihar,2952401.983090553,False,0.6096730764676472,10.0
224,36,Vaishali,Bihar,4877239.689575422,False,0.7381224276704331,14.0
225,7,Gangtok,Sikkim,252318.09829161424,False,2.7742758238094427,15.0
226,2,Mangan,Sikkim,46804.9388855954,False,4.273053330736248,24.0
227,5,Namchi,Sikkim,153865.48498457143,False,3.2495916810071894,12.0
228,2,Gyalshing,Sikkim,73456.20205940912,False,2.7227108725039466,1.0
229,6,Changlang,Arunachal Pradesh,197461.03681253482,False,3.0385741394117507,5.0
231,1,East Kameng,Arunachal Pradesh,81196.81713413956,False,1.2315753687093056,7.0
232,5,East Siang,Arunachal Pradesh,114138.66981606002,False,4.380636297985373,11.0
233,1,Kurung Kumey,Arunachal Pradesh,70561.20772397052,False,1.4172093027544475,3.0
234,1,Lohit,Arunachal Pradesh,61023.8617300506,False,1.6387032410758755,9.0
235,1,Lower Dibang Valley,Arunachal Pradesh,68792.49816496366,False,1.4536468752770266,6.0
236,1,Lower Subansiri,Arunachal Pradesh,93953.93439668795,False,1.0643513828573121,8.0
237,13,Papum Pare,Arunachal Pradesh,228765.92414895265,False,5.6826645176121255,22.0
238,1,Tawang,Arunachal Pradesh,61613.40012977579,False,1.6230235596375273,7.0
239,1,Tirap,Arunachal Pradesh,83547.55613919639,False,1.1969231012980515,4.0
240,2,Upper Siang,Arunachal Pradesh,41587.601966277594,False,4.8091255697353095,7.0
241,1,Upper Subansiri,Arunachal Pradesh,113741.85655957309,False,0.8791838204928921,2.0
242,4,West Kameng,Arunachal Pradesh,109627.35394704947,False,3.648724388560923,6.0
243,1,West Siang,Arunachal Pradesh,76831.84517534482,False,1.3015436473220325,9.0
244,20,Dimapur,Nagaland,285259.91357397364,False,7.011149849070398,24.0
245,11,Kohima,Nagaland,207736.2887131713,False,5.295174987547834,24.0
246,7,Mokokchung,Nagaland,179189.2069362157,False,3.9064852842904343,24.0
247,7,Mon,Nagaland,229102.16154736592,False,3.0554054805601556,24.0
248,6,Phek,Nagaland,150888.7339522879,False,3.976440018309944,24.0
249,8,Tuensang,Nagaland,99042.65112978936,False,8.077328210365136,24.0
250,6,Wokha,Nagaland,130120.44393681524,False,4.611112457404096,24.0
251,3,Zunheboto,Nagaland,131118.96620326216,False,2.287998515294397,24.0
252,3,Bishnupur,Manipur,300931.7131691731,False,0.9969039050110038,9.0
253,2,Chandel,Manipur,115889.49869401095,True,1.7257819065044915,10.0
254,4,Churachandpur,Manipur,281291.8767291976,False,1.4220104919172045,9.0
255,15,Imphal East,Manipur,476175.08184586256,False,3.1501018368818148,23.0
256,20,Imphal West,Manipur,606854.2086709139,False,3.295684484713797,24.0
257,3,Senapati,Manipur,392649.92827009974,False,0.7640393602558694,9.0
258,1,Tamenglong,Manipur,126527.18209831938,False,0.7903440062570419,12.0
259,7,Thoubal,Manipur,390034.83407823497,False,1.7947114945625364,14.0
260,2,Ukhrul,Manipur,180597.17658160915,False,1.1074370252384484,7.0
261,23,Aizawl,Mizoram,504106.03060012904,False,4.562532206293767,24.0
262,16,Champhai,Mizoram,86323.08150480945,False,18.53501951168016,14.0
263,7,Kolasib,Mizoram,136143.44756189876,False,5.141635624305306,20.0
264,8,Lawngtlai,Mizoram,155254.6385835263,False,5.152825109116489,20.0
265,14,Lunglei,Mizoram,166377.1650532753,False,8.414616269917262,24.0
266,8,Mamit,Mizoram,120580.70630428009,True,6.63456057373918,14.0
267,5,Siaha,Mizoram,70148.12728278703,False,7.127774031434338,14.0
268,7,Serchhip,Mizoram,77953.20512931647,False,8.979746231585615,13.0
269,16,Dhalai,Tripura,432548.86068553466,True,3.699004078901525,8.0
270,17,North Tripura,Tripura,402380.3829570534,False,4.224858049755977,7.0
271,26,South Tripura,Tripura,444543.2704801065,False,5.848699491484825,15.0
272,27,West Tripura,Tripura,1113885.8372354659,False,2.4239467903650556,23.0
273,10,East Garo Hills,Meghalaya,224380.74245546357,False,4.456710451426044,13.0
274,49,East Khasi Hills,Meghalaya,1077940.318588261,False,4.545706209799584,24.0
275,19,West Jaintia Hills,Meghalaya,364368.8630291583,False,5.214496058209985,18.0
276,15,Ri Bhoi,Meghalaya,339845.2132037117,True,4.413774099860169,12.0
277,8,South Garo Hills,Meghalaya,193806.4907690125,False,4.127828726611003,17.0
278,21,West Garo Hills,Meghalaya,744474.0988923504,False,2.8207831583723855,20.0
279,21,West Khasi Hills,Meghalaya,201599.1700276381,False,10.416709551493202,12.0
280,17,Barpeta,Assam,1627501.372414651,True,1.0445459701688522,19.0
281,9,Bongaigaon,Assam,752309.399349219,False,1.1963163038751607,18.0
282,13,Cachar,Assam,2123482.707263859,False,0.6122018303012556,23.0
283,5,Darrang,Assam,1095092.8751236002,True,0.45658227841503063,18.0
284,6,Dhemaji,Assam,776401.1672849588,False,0.772796365180869,11.0
285,12,Dhubri,Assam,1578128.030808278,True,0.7603945792569122,14.0
286,21,Dibrugarh,Assam,1566457.20925371,False,1.3406047657059716,24.0
287,14,Goalpara,Assam,1105232.0778411822,True,1.266702286396337,16.0
288,9,Golaghat,Assam,1235224.9555922444,False,0.7286122223530397,12.0
289,4,Hailakandi,Assam,741776.2830765555,True,0.5392461435151031,9.0
290,7,Jorhat,Assam,1092157.3966661568,False,0.6409332593788871,19.0
291,26,Kamrup,Assam,1625433.099742868,False,1.5995736769549613,24.0
292,8,Karbi Anglong,Assam,598321.359002655,False,1.3370741123691858,24.0
293,12,Karimganj,Assam,1411617.627268413,False,0.8500885628086771,12.0
294,5,Kokrajhar,Assam,1181644.8582820978,False,0.4231389799528357,16.0
295,14,Lakhimpur,Assam,1172329.9781332489,False,1.1942030197242586,16.0
296,6,Marigaon,Assam,1160843.512441315,False,0.5168655323215516,11.0
297,30,Nagaon,Assam,2231964.122165835,False,1.3441076270925378,17.0
298,8,Nalbari,Assam,1010371.8274121772,False,0.7917877144783483,21.0
299,2,Dima Hasao,Assam,273721.1839523192,False,0.7306705206815083,10.0
300,8,Sivasagar,Assam,871715.1311788734,False,0.9177310010876046,15.0
301,13,Sonitpur,Assam,1518477.542657767,False,0.8561206626241116,21.0
302,9,Tinsukia,Assam,1396524.7482461785,False,0.644456892819309,21.0
322,34,Bokaro,Jharkhand,2485996.819654438,True,1.3676606394342095,22.0
323,10,Chatra,Jharkhand,1350212.464213006,True,0.7406241806417235,14.0
324,26,Deoghar,Jharkhand,1776955.8814258447,False,1.4631764509053187,18.0
325,35,Dhanbad,Jharkhand,3369040.1767657767,False,1.0388715528349508,24.0
326,18,Dumka,Jharkhand,1582160.2966179517,True,1.1376849765777244,10.0
327,44,East Singhbum,Jharkhand,3044140.48864925,True,1.4453997824365767,21.0
328,12,Garhwa,Jharkhand,1708098.2504119829,True,0.702535699987145,11.0
329,30,Giridih,Jharkhand,3129858.0882147867,True,0.9585099117740333,15.0
330,16,Godda,Jharkhand,1578589.2427828372,True,1.0135632225514337,13.0
331,11,Gumla,Jharkhand,1235135.621390552,True,0.890590459015009,10.0
332,35,Hazaribagh,Jharkhand,2036956.4819363495,True,1.7182497667661842,17.0
333,7,Jamtara,Jharkhand,1042214.7052106464,False,0.671646635285692,6.0
334,15,Koderma,Jharkhand,914275.1159716016,False,1.6406440181913382,16.0
335,8,Latehar,Jharkhand,906379.5473577536,True,0.8826324494326161,7.0
336,6,Lohardaga,Jharkhand,642657.7073899405,True,0.9336229739417762,8.0
337,10,Pakur,Jharkhand,1062129.686659095,True,0.9415046133824555,7.0
338,27,Palamu,Jharkhand,2384671.395381495,True,1.1322314702265548,12.0
339,119,Ranchi,Jharkhand,3778416.542698957,True,3.1494674728212266,24.0
340,10,Sahebganj,Jharkhand,1846787.2769005012,True,0.5414808800709952,9.0
341,25,Saraikela Kharsawan,Jharkhand,1110643.060505968,False,2.2509482019012412,21.0
342,8,Simdega,Jharkhand,715837.0528195959,True,1.1175727728103713,11.0
343,25,West Singhbhum,Jharkhand,1827777.1954090875,True,1.3677815908193656,10.0
374,49,Bastar,Chhattisgarh,977842.9343239337,True,5.011029714488645,18.0
375,129,Bilaspur,Chhattisgarh,2100187.5255037276,False,6.142308647846077,24.0
376,20,Dakshin Bastar Dantewada,Chhattisgarh,339630.03349785594,True,5.8887607182496895,15.0
377,52,Dhamtari,Chhattisgarh,942265.8244857276,False,5.518612545284735,21.0
378,96,Durg,Chhattisgarh,2138935.9634181755,False,4.488212907813519,24.0
379,54,Janjgir-Champa,Chhattisgarh,1970632.149394537,False,2.740237441908736,14.0
380,47,Jashpur,Chhattisgarh,1001883.4518761713,False,4.691164417576288,17.0
381,45,Uttar Bastar Kanker,Chhattisgarh,926250.7276194015,True,4.858295778687971,16.0
382,47,Kabeerdham,Chhattisgarh,1065946.087698693,False,4.409228622572263,19.0
383,66,Korba,Chhattisgarh,1477990.369069858,True,4.465523008890491,21.0
384,17,Korea,Chhattisgarh,302806.356146472,False,5.614148994870122,11.0
385,63,Mahasamund,Chhattisgarh,1178302.9875059666,True,5.346672347266792,20.0
386,81,Raigarh,Chhattisgarh,1060323.476871527,False,7.639178209935484,22.0
387,273,Raipur,Chhattisgarh,2961998.4383062874,False,9.216750301735651,24.0
388,64,Rajnandgaon,Chhattisgarh,1056684.3703870196,True,6.056680858879313,24.0
389,60,Surguja,Chhattisgarh,1186462.705991703,False,5.057048965550846,22.0
390,9,Anuppur,Madhya Pradesh,965111.6423547484,False,0.9325346006645568,11.0
391,5,Ashoknagar,Madhya Pradesh,1063936.5019553748,False,0.4699528581649995,5.0
392,13,Balaghat,Madhya Pradesh,1966215.1237499143,False,0.6611687522373818,12.0
393,21,Barwani,Madhya Pradesh,1802996.6405033474,True,1.1647276277862268,23.0
394,20,Betul,Madhya Pradesh,1879606.0050038917,False,1.0640527826978607,22.0
395,11,Bhind,Madhya Pradesh,2001831.4123117938,False,0.5494968223771035,16.0
396,193,Bhopal,Madhya Pradesh,3327747.224111178,False,5.799719359740408,24.0
397,13,Burhanpur,Madhya Pradesh,908538.4370048521,False,1.4308695670440383,19.0
398,12,Chhatarpur,Madhya Pradesh,2141937.975500538,True,0.5602403121498317,13.0
399,19,Chhindwara,Madhya Pradesh,2048847.5549100921,False,0.927350595434308,24.0
400,9,Damoh,Madhya Pradesh,1501254.5295747416,True,0.5994986075112405,12.0
401,7,Datia,Madhya Pradesh,951194.1917122232,False,0.7359170252500656,15.0
402,17,Dewas,Madhya Pradesh,1879699.8669341328,False,0.9043997022635158,24.0
403,22,Dhar,Madhya Pradesh,2711441.653544906,False,0.8113764856875112,13.0
404,9,Dindori,Madhya Pradesh,926438.0537256611,False,0.9714626859083122,6.0
405,15,Khandwa (East Nimar),Madhya Pradesh,1544706.773224733,True,0.9710580842916853,18.0
406,9,Guna,Madhya Pradesh,1464447.1883400423,True,0.6145663750566207,17.0
407,72,Gwalior,Madhya Pradesh,2500999.812852313,False,2.8788486760375336,24.0
408,10,Harda,Madhya Pradesh,695614.4346240504,False,1.4375779889335634,13.0
409,21,Narmadapuram,Madhya Pradesh,1475828.1660314885,False,1.4229298832579633,20.0
410,89,Indore,Madhya Pradesh,4501560.235949265,False,1.9770922821214267,24.0
411,44,Jabalpur,Madhya Pradesh,3072662.4129071566,False,1.4319828893396074,24.0
412,9,Jhabua,Madhya Pradesh,1263678.4875461515,False,0.7122064740910853,12.0
413,18,Katni,Madhya Pradesh,1527231.4567548465,False,1.1786032772168984,18.0
414,21,Khargone (West Nimar),Madhya Pradesh,2202320.199567369,False,0.9535398169678191,15.0
415,10,Mandla,Madhya Pradesh,1146083.8688771573,False,0.8725364933193949,13.0
416,23,Mandsaur,Madhya Pradesh,1515391.5118586258,False,1.517759590179473,17.0
417,15,Morena,Madhya Pradesh,2394360.504336235,False,0.6264720777357753,10.0
418,10,Narsimhapur,Madhya Pradesh,1324715.4309543965,False,0.754879105831466,12.0
419,18,Neemuch,Madhya Pradesh,934472.3867273806,False,1.9262206412580978,16.0
420,9,Panna,Madhya Pradesh,1219658.0014883834,False,0.7379117743676542,13.0
421,25,Raisen,Madhya Pradesh,1609138.9793356282,False,1.5536259031101125,16.0
422,16,Rajgarh,Madhya Pradesh,1813989.5588428283,True,0.8820337428075742,13.0
423,16,Ratlam,Madhya Pradesh,1703631.5099558234,False,0.9391702317371962,22.0
424,28,Rewa,Madhya Pradesh,2111751.4052579384,False,1.325913643541767,23.0
425,24,Sagar,Madhya Pradesh,2871393.8248840943,False,0.8358310097350988,21.0
426,14,Satna,Madhya Pradesh,1785799.8627858737,False,0.7839624300429611,14.0
427,27,Sehore,Madhya Pradesh,1583996.6156844012,False,1.7045490964217778,19.0
428,9,Seoni,Madhya Pradesh,1639928.1476445904,False,0.5488045322550622,16.0
429,15,Shahdol,Madhya Pradesh,1158267.3795499913,False,1.2950377663081372,24.0
430,14,Shajapur,Madhya Pradesh,1142666.9754165537,False,1.2252038696485796,20.0
431,7,Sheopur,Madhya Pradesh,888251.3585003293,False,0.7880652174648383,11.0
432,14,Shivpuri,Madhya Pradesh,2095181.4912824447,False,0.6681998699516339,24.0
433,9,Sidhi,Madhya Pradesh,1286880.122046292,False,0.6993658419161012,13.0
434,11,Tikamgarh,Madhya Pradesh,1241878.3759892904,False,0.8857550153602852,11.0
435,18,Ujjain,Madhya Pradesh,2369681.2044807374,False,0.7595958463089678,24.0
436,6,Umaria,Madhya Pradesh,841785.9437074403,False,0.7127702766779958,11.0
437,21,Vidisha,Madhya Pradesh,1753603.6548736147,True,1.1975340004360056,22.0
438,208,Ahmedabad,Gujarat,9406860.993739897,False,2.2111520531495086,24.0
439,75,Amreli,Gujarat,1759314.3624117826,False,4.263024369174428,24.0
440,45,Anand,Gujarat,2941683.1879401733,False,1.5297364510387645,24.0
441,250,Banas Kantha,Gujarat,3746373.575630414,False,6.673119883884824,24.0
442,40,Bharuch,Gujarat,1822637.4974115947,False,2.1946218080559468,24.0
443,109,Bhavnagar,Gujarat,2876589.416301203,False,3.789209519520348,24.0
444,8,Dangs,Gujarat,279484.47221532883,False,2.862413048062434,24.0
445,114,Dahod,Gujarat,2644959.8846179475,True,4.310084272467776,24.0
446,70,Gandhinagar,Gujarat,1378768.2236981597,False,5.076995451218378,24.0
447,50,Jamnagar,Gujarat,1612193.3886342451,False,3.101364907739576,24.0
448,78,Junagadh,Gujarat,1752592.3025816982,False,4.450550187005855,24.0
449,115,Kachchh,Gujarat,2571909.3423598837,False,4.471386222909415,24.0
450,84,Kheda,Gujarat,2071965.4275626035,False,4.0541216992609295,24.0
451,119,Mahesana,Gujarat,2334661.3893635483,False,5.097098900172439,24.0
452,23,Narmada,Gujarat,727276.2459809666,True,3.1624846991911695,24.0
453,72,Navsari,Gujarat,1540611.8711972868,False,4.67346781795503,24.0
454,44,Panch Mahals,Gujarat,2007903.430408445,False,2.1913404466393875,24.0
455,99,Patan,Gujarat,1504470.9746687552,False,6.580386173405385,24.0
456,20,Porbandar,Gujarat,689798.3926217734,False,2.899397884066438,24.0
457,139,Rajkot,Gujarat,3642467.74862322,False,3.8160941864904427,24.0
458,93,Sabar Kantha,Gujarat,1642052.4324312336,False,5.663643752368102,24.0
459,165,Surat,Gujarat,8727576.166969793,False,1.8905592668953797,24.0
460,77,Surendranagar,Gujarat,1867961.601971681,False,4.122140407957238,24.0
461,108,Vadodara,Gujarat,3683757.07213932,False,2.9317894172994325,24.0
462,81,Valsad,Gujarat,2119586.8501637513,False,3.8214994584318283,24.0
463,6,Daman,The Dadra And Nagar Haveli And Daman And Diu,192156.79902366071,False,3.122450015032362,15.0
464,1,Diu,The Dadra And Nagar Haveli And Daman And Diu,112403.72688687773,False,0.889650216853034,6.0
465,13,Dadra And Nagar Haveli,The Dadra And Nagar Haveli And Daman And Diu,673420.7899926937,False,1.930442331627606,18.0
466,77,Ahmednagar,Maharashtra,5231372.922311325,False,1.4718889504436221,24.0
467,29,Akola,Maharashtra,2083864.3785117292,False,1.3916452672755724,24.0
468,36,Amravati,Maharashtra,3291038.139693835,False,1.0938797568401648,23.0
469,51,Chhatrapati Sambhajinagar,Maharashtra,4363145.05552394,False,1.1688816060660572,24.0
470,47,Beed,Maharashtra,2988080.3700576895,False,1.572916192983544,22.0
471,23,Bhandara,Maharashtra,1274403.707445348,False,1.8047656221987525,23.0
472,46,Buldhana,Maharashtra,2964170.194162037,False,1.551867706199781,23.0
473,23,Chandrapur,Maharashtra,2475673.9676380903,False,0.9290399422805695,21.0
474,41,Dhule,Maharashtra,2390736.18028951,False,1.7149529227869482,24.0
475,20,Gadchiroli,Maharashtra,1230424.322352096,True,1.6254555145470244,24.0
476,28,Gondia,Maharashtra,1620941.6669989119,False,1.7273909709434843,24.0
477,14,Hingoli,Maharashtra,1350280.2956611942,False,1.0368217654501575,24.0
478,63,Jalgaon,Maharashtra,4816518.323082513,False,1.30799876122304,24.0
479,38,Jalna,Maharashtra,2277544.245194602,False,1.6684637446748325,24.0
480,103,Kolhapur,Maharashtra,4145791.768436164,False,2.484447018882781,24.0
481,42,Latur,Maharashtra,2798841.458869213,False,1.5006209039424774,24.0
482,27,Mumbai,Maharashtra,3325643.331651126,False,0.8118729914008834,24.0
483,53,Mumbai Suburban,Maharashtra,11792741.68985784,False,0.44942899110205903,24.0
484,68,Nagpur,Maharashtra,5568492.2254981715,False,1.2211564144532239,24.0
485,55,Nanded,Maharashtra,3885703.213323805,False,1.4154452097990613,24.0
486,23,Nandurbar,Maharashtra,1935429.3286140626,True,1.1883668217671381,15.0
487,124,Nashik,Maharashtra,7347804.422107045,False,1.6875789402739976,24.0
488,30,Dharashiv,Maharashtra,1947074.924694599,True,1.5407727570989873,24.0
489,22,Parbhani,Maharashtra,2109048.8034060835,False,1.0431242731069246,24.0
490,122,Pune,Maharashtra,11272215.846159885,False,1.0823071671534912,24.0
491,33,Raigad,Maharashtra,2975630.1914114878,False,1.109008777207845,24.0
492,19,Ratnagiri,Maharashtra,1740597.0899295674,False,1.0915794419011022,19.0
493,67,Sangli,Maharashtra,3372215.6659167013,False,1.9868242911381753,24.0
494,46,Satara,Maharashtra,3345104.733944065,False,1.375143789467047,24.0
495,19,Sindhudurg,Maharashtra,912043.8714067698,False,2.0832331202109504,24.0
496,87,Solapur,Maharashtra,4992865.78378257,False,1.7424862547394424,24.0
497,108,Thane,Maharashtra,9549355.849166773,False,1.1309663364301532,24.0
498,16,Wardha,Maharashtra,1442742.075251904,False,1.108999333592346,21.0
499,27,Washim,Maharashtra,1364857.6828785483,True,1.9782282313168171,22.0
500,34,Yavatmal,Maharashtra,3136883.341757771,False,1.0838783689337934,23.0
501,35,Adilabad,Telangana,792433.4806349886,False,4.416774512348214,24.0
502,145,Ananthapuramu,Andhra Pradesh,2487350.062909732,False,5.8294971086770655,21.0
503,184,Chittoor,Andhra Pradesh,2047540.555803963,False,8.986390988858961,23.0
504,135,Y.S.R.,Andhra Pradesh,1703668.5119477757,True,7.924076723449961,20.0
505,234,East Godavari,Andhra Pradesh,1809023.163395891,False,12.93515775446104,21.0
506,259,Guntur,Andhra Pradesh,2666983.217083443,False,9.71134720087354,21.0
507,208,Hyderabad,Telangana,4863360.161822494,False,4.27687839434154,24.0
508,60,Karimnagar,Telangana,1124028.0444101375,False,5.337945107186942,23.0
509,67,Khammam,Telangana,1523629.1695235947,False,4.397395464734338,23.0
510,173,Krishna,Andhra Pradesh,2033510.5315333593,False,8.507455325030952,22.0
511,175,Kurnool,Andhra Pradesh,2529180.569352063,False,6.919237088905531,21.0
512,56,Mahabubnagar,Telangana,1030573.95005548,False,5.433865274489549,23.0
513,25,Medak,Telangana,843299.2983284584,False,2.964546519788837,23.0
514,124,Nalgonda,Telangana,1797990.951351197,False,6.896586432029234,24.0
515,119,Sri Potti Sriramulu Nellore,Andhra Pradesh,3204452.93288629,False,3.7135823958823213,20.0
516,73,Nizamabad,Telangana,1727516.0536317907,False,4.225720498893812,23.0
517,162,Prakasam,Andhra Pradesh,2219598.1301545305,False,7.298618511123065,20.0
518,79,Ranga Reddy,Telangana,3405971.839063183,False,2.319455466247456,23.0
519,118,Srikakulam,Andhra Pradesh,2831835.16128335,False,4.166909204790153,21.0
520,169,Visakhapatnam,Andhra Pradesh,1292009.9709781494,False,13.080394408415764,22.0
521,98,Vizianagaram,Andhra Pradesh,1681951.2997061647,False,5.826565847484437,18.0
522,35,Warangal,Telangana,764536.4747229348,False,4.577937241344028,23.0
523,152,West Godavari,Andhra Pradesh,2047788.7058935852,False,7.422640800905891,20.0
524,124,Bagalkote,Karnataka,1937506.1761586382,False,6.399979598818434,21.0
525,309,Bengaluru Urban,Karnataka,14421383.144435316,False,2.1426516229771746,23.0
526,65,Bengaluru Rural,Karnataka,1202532.3875567734,False,5.405259822736479,16.0
527,230,Belagavi,Karnataka,5127488.912538005,False,4.485626471811415,20.0
528,109,Ballari,Karnataka,1261952.5700927742,False,8.63740861449228,16.0
529,84,Bidar,Karnataka,1772174.7280014195,False,4.7399389390193765,20.0
530,262,Vijayapura,Karnataka,2382277.831272023,False,10.997877601039695,20.0
531,71,Chamarajanagara,Karnataka,1078983.9429800783,False,6.580264744617326,10.0
532,108,Chikkamagaluru,Karnataka,1172255.1144339703,False,9.213011627775954,16.0
533,106,Chitradurga,Karnataka,1724056.341834731,False,6.148290947800198,18.0
534,115,Dakshina Kannada,Karnataka,2347959.8585767807,False,4.897869083234984,22.0
535,125,Davangere,Karnataka,2051183.073279492,False,6.094044048449869,20.0
536,83,Dharwad,Karnataka,1943615.0858917886,False,4.270392867521767,19.0
537,57,Gadag,Karnataka,1183342.3329240957,False,4.816864774806988,15.0
538,158,Kalaburagi,Karnataka,2647021.418894641,False,5.968973234299652,22.0
539,169,Hassan,Karnataka,1825581.3469987295,False,9.25732508594248,20.0
540,90,Haveri,Karnataka,1557678.804284973,False,5.777827864924504,18.0
541,39,Kodagu,Karnataka,612342.2519009854,False,6.368987258175715,11.0
542,83,Kolar,Karnataka,1604170.1703526962,False,5.174014673377916,18.0
543,66,Koppal,Karnataka,1453916.5730011202,False,4.539462664199863,12.0
544,138,Mandya,Karnataka,1672649.5623247891,False,8.250383290579766,18.0
545,207,Mysuru,Karnataka,3301745.628578739,False,6.26941089005408,22.0
546,83,Raichur,Karnataka,2020336.068525647,True,4.108227403006757,18.0
547,148,Shivamogga,Karnataka,1857682.6688800033,False,7.966915043096633,21.0
548,174,Tumakuru,Karnataka,2763216.9833144303,False,6.297008199163934,19.0
549,87,Udupi,Karnataka,1076206.8055547667,False,8.083948136264846,21.0
550,106,Uttara Kannada,Karnataka,1525446.6542544086,False,6.948784456301394,13.0
551,6,North Goa,Goa,830928.4398160564,False,0.7220838416998011,23.0
552,10,South Goa,Goa,682429.9805549768,False,1.4653517994428729,20.0
553,5,Lakshadweep District,Lakshadweep,48762.86763526817,False,10.253703775993081,10.0
554,20,Alappuzha,Kerala,2181561.7388600823,False,0.9167744209911965,24.0
555,50,Ernakulam,Kerala,3868555.2858457235,False,1.2924721583517258,24.0
556,16,Idukki,Kerala,854501.0036075576,False,1.8724378242331756,17.0
557,37,Kannur,Kerala,1885969.1287299765,False,1.9618560789972228,24.0
558,32,Kasaragod,Kerala,983685.8037588111,False,3.2530712426389803,24.0
559,41,Kollam,Kerala,3107698.33758177,False,1.3193043708323315,23.0
560,31,Kottayam,Kerala,1557168.4210695801,False,1.990793004825186,24.0
561,85,Kozhikode,Kerala,4052790.0673769196,False,2.0973205763656644,24.0
562,93,Malappuram,Kerala,5453413.069011802,False,1.7053540383445092,24.0
563,35,Palakkad,Kerala,2267919.0371965617,False,1.543264967838732,22.0
564,20,Pathanamthitta,Kerala,1072728.8076471633,False,1.8644041119643637,24.0
565,63,Thiruvananthapuram,Kerala,3778116.636464542,False,1.6674974878211721,24.0
566,41,Thrissur,Kerala,3839017.014594065,False,1.0679817214703153,24.0
567,24,Wayanad,Kerala,1160275.6482554541,True,2.068473990304414,23.0
568,213,Chennai,Tamil Nadu,4468397.3804897545,False,4.7668097051980265,22.0
569,161,Coimbatore,Tamil Nadu,3924135.7788228267,False,4.102814200998347,21.0
570,58,Cuddalore,Tamil Nadu,2783708.1131187864,False,2.083551782123395,21.0
571,46,Dharmapuri,Tamil Nadu,1672867.0574906243,False,2.749770210013106,15.0
572,82,Dindigul,Tamil Nadu,2283284.594424468,False,3.59131753440789,20.0
573,92,Erode,Tamil Nadu,2175856.8820399293,False,4.228219271193393,20.0
574,99,Kancheepuram,Tamil Nadu,1990993.285632952,False,4.9723924593008935,24.0
575,87,Kanniyakumari,Tamil Nadu,1925440.5337762237,False,4.518446478810403,20.0
576,43,Karur,Tamil Nadu,1139456.6415877366,False,3.7737284974778094,17.0
577,65,Krishnagiri,Tamil Nadu,1932067.7124503632,False,3.3642713234704975,20.0
578,125,Madurai,Tamil Nadu,3311229.320835256,False,3.7750330130704692,22.0
579,37,Nagapattinam,Tamil Nadu,720544.472517983,False,5.13500573680087,7.0
580,61,Namakkal,Tamil Nadu,1884939.183270491,False,3.2361786810628588,19.0
581,22,Perambalur,Tamil Nadu,546701.0604120791,False,4.024137063757911,20.0
582,44,Pudukkottai,Tamil Nadu,1717197.3728795992,False,2.5623146584609318,24.0
583,38,Ramanathapuram,Tamil Nadu,1378414.1036160772,True,2.7567912937275016,3.0
584,120,Salem,Tamil Nadu,3674471.744098205,False,3.2657755551594425,21.0
585,48,Sivaganga,Tamil Nadu,1444789.8941885238,False,3.322282374279724,24.0
586,80,Thanjavur,Tamil Nadu,2425933.5962203597,False,3.29769949699535,19.0
587,36,The Nilgiris,Tamil Nadu,716636.2070780438,False,5.023469320198538,19.0
588,37,Theni,Tamil Nadu,1314388.0488776418,False,2.814998206320756,15.0
589,76,Thiruvallur,Tamil Nadu,4216090.362007878,False,1.8026179107747027,24.0
590,32,Thiruvarur,Tamil Nadu,1353903.0143087455,False,2.3635370969565392,24.0
591,99,Tiruchirappalli,Tamil Nadu,2951135.8955663685,False,3.3546405012636793,22.0
592,76,Tirunelveli,Tamil Nadu,1750378.9934258605,False,4.341916824038889,17.0
593,51,Tiruvannamalai,Tamil Nadu,2707628.4386091046,False,1.8835671568805965,14.0
594,50,Thoothukkudi,Tamil Nadu,1726914.9731377447,False,2.895336526566316,8.0
595,77,Vellore,Tamil Nadu,1721256.04716931,False,4.473477384531504,20.0
596,63,Viluppuram,Tamil Nadu,2127290.5564916423,False,2.961513640332259,24.0
597,63,Virudhunagar,Tamil Nadu,2031359.7247244078,True,3.1013709306729083,11.0
598,4,Karaikal,Puducherry,176243.05532875203,False,2.2695929734869082,18.0
599,3,Mahe,Puducherry,116365.92298833061,False,2.5780743390836554,10.0
600,22,Puducherry,Puducherry,1459569.3745435467,False,1.507293889807745,24.0
601,1,Yanam,Puducherry,16811.764728270613,False,5.9482155274181485,10.0
602,2,South Andamans,Andaman And Nicobar Islands,236036.01872616805,False,0.8473283064142239,16.0
603,2,Nicobars,Andaman And Nicobar Islands,32320.214256589727,False,6.188077789713979,11.0
604,29,Nuh,Haryana,1252917.3927273087,True,2.3145979270727315,11.0
605,13,Barnala,Punjab,683127.9692807087,False,1.9030109415206924,24.0
606,8,Khunti,Jharkhand,674208.686066637,True,1.1865762285965715,8.0
607,18,Ramgarh,Jharkhand,1077627.96168116,True,1.6703352771135405,20.0
608,39,S.A.S Nagar,Punjab,1677527.3185923442,False,2.3248503656397017,24.0
609,26,Tarn Taran,Punjab,1250850.0624914346,False,2.0785864572939605,24.0
610,18,Ariyalur,Tamil Nadu,751597.5566346078,False,2.394898684955514,4.0
611,6,Arwal,Bihar,707643.3917544147,False,0.8478846930407401,7.0
612,2,Chirang,Assam,581794.6340907122,False,0.3437639130387999,8.0
613,3,Peren,Nagaland,99850.38581923737,False,3.004495150805931,24.0
614,3,Kiphire,Nagaland,61890.92274396199,True,4.8472374735965245,24.0
615,3,Longleng,Nagaland,36005.33942233673,False,8.332097539230201,24.0
616,3,Baksa,Assam,731447.5641703649,True,0.4101455998972,13.0
617,4,Udalguri,Assam,963240.2553201377,True,0.41526503672446496,15.0
618,55,Kamrup Metro,Assam,1604111.1413578826,False,3.428690106437539,24.0
619,38,Palwal,Haryana,1312269.986871312,False,2.8957455691415186,19.0
620,3,Kishtwar,Jammu And Kashmir,218588.08994266746,False,1.372444400235556,11.0
621,5,Ramban,Jammu And Kashmir,295301.45586373383,False,1.693185015080738,24.0
622,7,Kulgam,Jammu And Kashmir,638922.0732089822,False,1.095595267955377,17.0
623,7,Bandipora,Jammu And Kashmir,513307.6635993984,False,1.363704557012619,9.0
624,8,Samba,Jammu And Kashmir,355479.97164187767,False,2.250478406153207,24.0
625,5,Shopian,Jammu And Kashmir,386340.2930304658,False,1.2941958398332822,10.0
626,3,Ganderbal,Jammu And Kashmir,488797.22436553944,False,0.6137514393405181,12.0
627,4,Reasi,Jammu And Kashmir,404706.5594658585,False,0.9883704393818811,18.0
628,1,Anjaw,Arunachal Pradesh,26089.95048635038,False,3.8328934373531123,3.0
629,12,Pratapgarh,Rajasthan,1091442.4338320699,False,1.0994624753472184,7.0
630,76,Chikkaballapura,Karnataka,1236631.262180687,False,6.14572850648955,15.0
631,75,Ramanagara,Karnataka,1119388.5974887991,False,6.700086115603877,12.0
632,3,North And Middle Andaman,Andaman And Nicobar Islands,89311.34410146241,False,3.3590357755581883,10.0
633,19,Kasganj,Uttar Pradesh,1700557.574022091,False,1.1172806078574546,8.0
634,71,Tiruppur,Tamil Nadu,2775124.962823553,False,2.5584433476379744,19.0
635,57,Yadgir,Karnataka,1246353.695567446,True,4.573340633779624,4.0
636,20,Bijapur,Chhattisgarh,294696.742554721,True,6.786637621651445,20.0
637,8,Narayanpur,Chhattisgarh,138832.06216985776,True,5.762357682342994,8.0
638,14,Singrauli,Madhya Pradesh,1558023.6167927014,True,0.8985743122957252,24.0
639,7,Alirajpur,Madhya Pradesh,923548.6029736614,False,0.7579460331011548,14.0
640,59,Amethi,Uttar Pradesh,2563915.290471191,False,2.301168069759321,16.0
641,52,Tapi,Gujarat,1022208.7568365266,False,5.087023531370113,24.0
642,13,Sukma,Chhattisgarh,298055.6959712358,True,4.361600927517446,8.0
643,36,Kondagaon,Chhattisgarh,686305.2636460268,True,5.245479221410662,13.0
644,45,Balodabazar-Bhatapara,Chhattisgarh,1328667.157644268,False,3.386852737429378,18.0
645,31,Gariyaband,Chhattisgarh,743387.2768573639,False,4.170100964204163,17.0
646,44,Balod,Chhattisgarh,995482.0585739907,False,4.419969161777678,17.0
647,40,Mungeli,Chhattisgarh,811361.9034377802,False,4.9299825183457635,10.0
648,52,Surajpur,Chhattisgarh,655886.5362283912,False,7.928200554172176,12.0
649,39,Balrampur-Ramanujganj,Chhattisgarh,957545.2652753356,False,4.072914504860073,16.0
650,30,Bemetara,Chhattisgarh,849779.6177408993,False,3.5303270840684133,12.0
651,14,Fazilka,Punjab,1286691.4075544316,False,1.0880619795704785,24.0
652,9,Khowai,Tripura,337478.98232713947,False,2.6668327425723173,4.0
653,19,Sepahijala,Tripura,523316.35738992353,False,3.6306910211566503,9.0
654,16,Gomati,Tripura,573625.5480139579,False,2.7892760452173366,11.0
655,8,Unakoti,Tripura,389794.1802844502,False,2.0523651723486593,8.0
656,12,North Garo Hills,Meghalaya,167717.0404464844,False,7.154908033229331,11.0
657,9,East Jaintia Hills,Meghalaya,171684.61331764617,False,5.242170411246142,8.0
658,5,South West Khasi Hills,Meghalaya,128097.75166290796,False,3.903269132433807,11.0
659,29,Sambhal,Uttar Pradesh,2796913.176575198,False,1.0368573555619025,8.0
660,46,Shamli,Uttar Pradesh,1525607.5934512445,False,3.0151921239418025,18.0
661,50,Hapur,Uttar Pradesh,1621757.2964767134,False,3.08307538425297,20.0
662,18,Pathankot,Punjab,771704.7111618936,False,2.332498394742058,24.0
663,11,South West Garo Hills,Meghalaya,119370.04104049312,False,9.21504248814704,10.0
665,31,Palghar,Maharashtra,3656868.7619692637,False,0.8477197848168376,24.0
666,1,Longding,Arunachal Pradesh,68045.30364735724,False,1.4696091374394773,4.0
667,8,Agar-Malwa,Madhya Pradesh,686614.9976400457,False,1.165136215709922,16.0
668,44,Chhotaudepur,Gujarat,1256988.9182376917,False,3.500428632393064,24.0
669,53,Mahisagar,Gujarat,1098657.475928597,False,4.8240694812733915,24.0
672,64,Arvalli,Gujarat,1291015.8397842539,False,4.95733654288047,24.0
673,39,Morbi,Gujarat,1116491.2526679912,False,3.4930860324077573,24.0
674,36,Devbhumi Dwarka,Gujarat,922518.9836414077,False,3.9023587198064167,24.0
675,51,Gir Somnath,Gujarat,1387794.515863458,False,3.6748956287861407,24.0
676,31,Botad,Gujarat,773823.6527571311,False,4.006080699335967,24.0
677,1,Kra Daadi,Arunachal Pradesh,65936.58598700125,False,1.5166087006645146,3.0
678,3,Namsai,Arunachal Pradesh,122614.24641805893,True,2.446697743238874,8.0
679,1,Siang,Arunachal Pradesh,23121.24023360823,False,4.32502750672706,4.0
680,37,Nirmal,Telangana,747517.9752202847,False,4.949713749571914,23.0
681,32,Jagitial,Telangana,1060455.6620822367,False,3.0175707617202057,23.0
682,25,Peddapalli,Telangana,917361.4303397491,False,2.7252072272911163,23.0
683,21,Rajanna Sircilla,Telangana,595778.8121939377,False,3.524798057632853,23.0
684,29,Mancherial,Telangana,747934.5730998904,False,3.877344495495986,23.0
685,33,Kamareddy,Telangana,1022656.5021961438,False,3.226889960522703,23.0
686,83,Hanumakonda,Telangana,1076312.1334686065,False,7.711517636851105,24.0
687,31,Jayashankar Bhupalapally,Telangana,424605.80530768854,True,7.300889345480333,23.0
688,32,Mahabubabad,Telangana,801633.574610499,False,3.991848771497413,23.0
689,22,Jangoan,Telangana,673477.0345573556,False,3.266629576234853,24.0
690,45,Bhadradri Kothagudem,Telangana,1397901.3521795808,True,3.2191112720391084,24.0
691,60,Sangareddy,Telangana,1677578.5267383426,False,3.5765836915340055,24.0
692,54,Siddipet,Telangana,1096513.4816223187,False,4.924700052032709,24.0
693,24,Wanaparthy,Telangana,642168.2910354735,False,3.737338067767385,24.0
694,35,Nagarkurnool,Telangana,924367.2666004649,False,3.7863738001799985,23.0
695,15,Jogulamba Gadwal,Telangana,646994.6633340233,False,2.318411704155891,23.0
696,38,Suryapet,Telangana,1142450.256248302,False,3.32618420733594,24.0
697,28,Yadadri Bhuvanagiri,Telangana,800764.6943963716,False,3.4966576568547167,23.0
698,31,Vikarabad,Telangana,1164820.7729801591,False,2.661353636464383,24.0
699,29,Kumuram Bheem Asifabad,Telangana,561128.6940116639,True,5.168154883093038,23.0
700,94,Medchal Malkajgiri,Telangana,2922679.8525291206,False,3.216226365630083,24.0
701,37,Charki Dadri,Haryana,585321.136826146,False,6.321316226615247,11.0
705,3,Biswanath,Assam,719811.8711270525,False,0.416775565996532,8.0
706,1,Majuli,Assam,188931.70449744418,False,0.5292917896760561,7.0
707,4,South Salmara Mancachar,Assam,594677.8489229775,False,0.6726330915544291,4.0
709,11,Hojai,Assam,1134793.9546653493,False,0.9693389671999002,17.0
710,3,West Karbi Anglong,Assam,339594.171761812,False,0.8834073872457888,6.0
711,4,Kakching,Manipur,199405.42738031357,False,2.0059634547313743,8.0
712,2,Kangpokpi,Manipur,221272.71499587956,False,0.9038620057774601,5.0
713,1,Jiribam,Manipur,51152.07251636021,False,1.9549550014423467,4.0
714,1,Noney,Manipur,51027.05532714479,False,1.9597446758171668,3.0
715,1,Pherzawl,Manipur,61355.9053455906,False,1.6298349675837127,3.0
716,2,Tengnoupal,Manipur,87437.02954217352,False,2.28736041294191,4.0
717,1,Kamjong,Manipur,61644.0589517373,False,1.6222163449407596,3.0
718,1,Kamle,Arunachal Pradesh,20931.258417815414,False,4.777543614620232,3.0
719,1,Lower Siang,Arunachal Pradesh,8071.600376782186,False,12.38911682095266,3.0
720,3,Mulugu,Telangana,273279.94942943775,False,1.0977753787877567,
721,5,Narayanpet,Telangana,624341.1143223314,False,0.8008442637046368,7.0
723,1,Pakke Kessang,Arunachal Pradesh,20422.154124876823,False,4.896643095949759,3.0
724,1,Leparada,Arunachal Pradesh,26064.902091814947,False,3.836576851420539,4.0
725,1,Shi Yomi,Arunachal Pradesh,17642.32554373407,False,5.66818698317901,3.0
729,3,Kallakurichi,Tamil Nadu,1440902.5938344267,False,0.2082028315332971,
730,18,Chengalpattu,Tamil Nadu,3529428.8522945233,False,0.5099975308553958,
731,2,Ranipet,Tamil Nadu,1140694.5097953072,False,0.17533178101811778,
732,3,Tirupathur,Tamil Nadu,1143737.3351094115,False,0.26229798642649155,
733,2,Tenkasi,Tamil Nadu,1499238.5753366097,False,0.1334010498996772,
734,20,Gaurela-Pendra-Marwahi,Chhattisgarh,397609.0871213607,False,5.030066124694851,13.0
735,2,Mayiladuthurai,Tamil Nadu,1019064.6249025754,False,0.19625840708494852,
737,7,Malerkotla,Punjab,482884.7191954774,False,1.449621353034847,24.0
738,4,Vijayanagar,Karnataka,1411520.0079212454,False,0.2833824513682116,
741,2,Pakyong,Sikkim,73738.51263493327,False,2.7122868749762516,2.0
742,1,Soreng,Sikkim,66369.35675434026,True,1.5067194393662773,1.0
743,9,Parvathipuram Manyam,Andhra Pradesh,806074.1396595009,True,1.1165226071886822,
744,9,Anakapalli,Andhra Pradesh,2272723.568339446,False,0.39600064545358693,
745,9,Alluri Sitharama Raju,Andhra Pradesh,1204135.6112207558,True,0.7474241203510106,
746,16,Kakinada,Andhra Pradesh,2065757.2058378686,False,0.7745343913013446,
747,4,Dr. B.R. Ambedkar Konaseema,Andhra Pradesh,1697224.6607229116,False,0.2356788757886802,
748,17,Eluru,Andhra Pradesh,2219039.9255816597,False,0.7660970766690429,
749,22,Ntr,Andhra Pradesh,2600186.022460727,False,0.8460933106309045,
750,4,Bapatla,Andhra Pradesh,1539458.129194584,False,0.2598316851977472,
751,10,Palnadu,Andhra Pradesh,2604039.0588253727,False,0.3840188174639281,
752,22,Tirupati,Andhra Pradesh,2401778.7120177816,False,0.9159878006212058,
753,5,Annamayya,Andhra Pradesh,1403268.1831481943,False,0.35631107866941264,
754,23,Sri Sathya Sai,Andhra Pradesh,2042220.7222805752,False,1.126224983865387,
755,25,Nandyal,Andhra Pradesh,1948298.2388735292,False,1.2831711029238804,
759,18,Khairagarh-Chhuikhadan-Gandai,Chhattisgarh,440048.07747668313,False,4.090462138413448,16.0
760,24,Manendragarh-Chirmiri-Bharatpur(M C B),Chhattisgarh,503590.0992644767,False,4.765780748083298,17.0
761,18,Mohla-Manpur-Ambagarh Chouki,Chhattisgarh,339129.77672393003,False,5.307702606914689,11.0
762,32,Sakti,Chhattisgarh,359761.74916667567,False,8.894775521333862,11.0
763,28,Sarangarh-Bilaigarh,Chhattisgarh,578694.4720130058,False,4.838477185137292,15.0
