package_code,specialty_code,govt_reserved,referral_basis
BM001A,BM,Yes,No
BM001B,BM,No,--
BM001C,BM,No,--
BM001D,BM,No,--
BM002A,BM,Yes,No
BM002B,BM,No,--
BM002C,BM,No,--
BM002D,BM,No,--
BM003A,BM,Yes,No
BM003B,BM,No,--
BM003C,BM,No,--
BM003D,BM,No,--
BM004A,BM,No,--
BM004B,BM,No,--
BM004C,BM,No,--
BM004D,BM,No,--
BM005A,BM,No,--
BM005B,BM,No,--
BM006A,BM,No,--
BM006B,BM,No,--
BMU100,BM,No,--
ER001A,ER,No,--
ER002A,ER,No,--
ER002B,ER,No,--
ER003A,ER,Yes,No
IN001A,IN,No,--
IN001B,IN,No,--
IN001C,IN,No,--
IN001D,IN,No,--
IN002A,IN,No,--
IN002B,IN,No,--
IN003A,IN,No,--
IN004A,IN,No,--
IN004B,IN,No,--
IN005A,IN,No,--
IN006A,IN,No,--
IN007A,IN,No,--
IN008A,IN,No,--
IN009A,IN,No,--
IN010A,IN,No,--
MC001A,MC,No,--
MC001B,MC,No,--
MC002A,IN,No,--
MC002A,MC,No,--
MC002B,IN,No,--
MC002B,MC,No,--
MC002C,IN,No,--
MC002C,MC,No,--
MC003A,MC,No,--
MC003B,MC,No,--
MC004A,MC,No,--
MC004B,MC,No,--
MC005A,MC,No,--
MC006A,MC,No,--
MC007A,MC,No,--
MC008A,MC,No,--
MC009A,MC,No,--
MC010A,MC,No,--
MC011A,MC,No,--
MC012A,MC,No,--
MC012B,MC,No,--
MC013A,MC,No,--
MC014A,MC,No,--
MC014A,SV,No,--
MC015A,MC,No,--
MC015A,SV,No,--
MC016A,MC,No,--
MC016A,SV,No,--
MC017A,MC,No,--
MC018A,MC,No,--
MC019A,MC,No,--
MC019A,SG,No,--
MC020A,MC,No,--
MG001A,MG,No,--
MG001A,MP,No,--
MG002A,MG,No,--
MG002A,MP,No,--
MG002B,MG,No,--
MG002B,MP,No,--
MG003A,MG,No,--
MG003A,MP,No,--
MG003B,MG,No,--
MG003B,MP,No,--
MG004A,MG,No,--
MG004A,MP,No,--
MG004B,MG,No,--
MG004B,MP,No,--
MG004C,MG,No,--
MG004C,MP,No,--
MG005A,MG,No,--
MG005A,MP,No,--
MG006A,MG,No,--
MG006A,MP,No,--
MG007A,MG,Yes,No
MG007A,MP,No,--
MG008A,MG,No,--
MG008A,MP,No,--
MG009A,MG,Yes,No
MG009A,MP,No,--
MG009B,MG,No,--
MG009B,MP,No,--
MG010A,MG,Yes,No
MG010A,MP,No,--
MG010B,MG,Yes,No
MG010B,MP,No,--
MG011A,MG,No,--
MG011A,MP,No,--
MG012A,MG,No,--
MG012A,MP,No,--
MG013A,MG,No,--
MG013A,MP,No,--
MG014A,MG,Yes,No
MG014A,MP,No,--
MG015A,MG,No,--
MG015A,MP,No,--
MG016A,MG,No,--
MG016A,MP,No,--
MG017A,MG,No,--
MG017A,MP,No,--
MG018A,MG,No,--
MG018A,MP,No,--
MG019A,MG,No,--
MG019A,MP,No,--
MG020A,MG,No,--
MG020A,MP,No,--
MG020B,MG,Yes,No
MG020B,MP,No,--
MG021A,MG,Yes,No
MG021A,MP,No,--
MG022A,MG,No,--
MG022A,MP,No,--
MG023A,MG,No,--
MG023A,MP,No,--
MG024A,MG,Yes,No
MG024A,MP,No,--
MG025A,MG,Yes,No
MG025A,MP,No,--
MG026A,MG,No,--
MG026A,MP,No,--
MG027A,MG,No,--
MG028A,MG,No,--
MG028A,MP,No,--
MG029A,MG,No,--
MG030A,MG,No,--
MG030A,MP,No,--
MG031A,MG,No,--
MG031A,MP,No,--
MG031B,MG,No,--
MG031B,MP,No,--
MG032A,MG,No,--
MG032A,MP,No,--
MG033A,MG,No,--
MG033A,MP,No,--
MG033B,MG,No,--
MG033B,MP,No,--
MG034A,MG,No,--
MG034A,MP,No,--
MG035A,MG,No,--
MG035A,MP,No,--
MG036A,MG,No,--
MG036A,MP,No,--
MG037A,MG,No,--
MG038A,MG,No,--
MG038A,MP,No,--
MG039A,MG,No,--
MG039A,MP,No,--
MG039B,MG,No,--
MG039B,MP,No,--
MG040A,MG,No,--
MG040A,MP,No,--
MG040B,MG,No,--
MG040B,MP,No,--
MG040C,MG,No,--
MG040C,MP,No,--
MG041A,MG,No,--
MG041A,MP,No,--
MG041B,MG,No,--
MG041B,MP,No,--
MG042A,MG,No,--
MG042A,MP,No,--
MG043A,MG,No,--
MG043A,MP,No,--
MG044A,MG,Yes,No
MG045A,MG,No,--
MG045A,MP,No,--
MG046A,MG,No,--
MG046A,MP,No,--
MG047A,MG,No,--
MG047A,MP,No,--
MG048A,MG,No,--
MG049A,MG,No,--
MG049A,MP,No,--
MG049B,MG,No,--
MG049B,MP,No,--
MG049C,MG,No,--
MG049C,MP,No,--
MG049D,MG,No,--
MG049D,MP,No,--
MG050A,MG,No,--
MG050A,MP,No,--
MG051A,MG,No,--
MG051A,MP,No,--
MG052A,MG,No,--
MG052A,MP,No,--
MG053A,MG,No,--
MG053A,MP,No,--
MG054A,MG,No,--
MG055A,MG,No,--
MG055A,MP,No,--
MG056A,MG,No,--
MG056A,MP,No,--
MG057A,MG,No,--
MG057A,MP,No,--
MG058A,MG,Yes,No
MG059A,MG,No,--
MG059A,MP,No,--
MG060A,MG,No,--
MG060A,MP,No,--
MG060B,MG,No,--
MG060B,MP,No,--
MG060C,MG,No,--
MG060C,MP,No,--
MG060D,MG,No,--
MG060D,MP,No,--
MG061A,MG,No,--
MG061A,MP,No,--
MG062A,MG,No,--
MG062A,MP,No,--
MG063A,MG,No,--
MG063A,MP,No,--
MG064A,MG,Yes,No
MG064A,MP,No,--
MG065A,MG,No,--
MG065A,MP,No,--
MG066A,MG,No,--
MG066A,MP,No,--
MG067A,MG,Yes,No
MG067A,MP,No,--
MG068A,MG,No,--
MG068A,MP,No,--
MG069A,MG,No,--
MG069A,MP,No,--
MG070A,MG,No,--
MG070A,MP,No,--
MG071A,MG,No,--
MG071A,MP,No,--
MG071B,MG,No,--
MG071B,MP,No,--
MG072A,MG,No,--
MG072B,MG,No,--
MG073A,MG,Yes,No
MG073A,MP,No,--
MG074A,MG,No,--
MG074A,MP,No,--
MG074B,MG,No,--
MG074B,MP,No,--
MG075A,MG,No,--
MG075A,MP,No,--
MG076A,MG,No,--
MG076A,MP,No,--
MM001A,MM,Yes,No
MM002A,MM,Yes,No
MM003A,MM,Yes,No
MM004A,MM,Yes,No
MM005A,MM,Yes,No
MM006A,MM,Yes,No
MM007A,MM,Yes,No
MM008A,MM,Yes,No
MM009A,MM,Yes,No
MM010A,MM,Yes,No
MN001A,MN,No,--
MN002A,MN,No,--
MN003A,MN,No,--
MN004A,MN,No,--
MN005A,MN,No,--
MN006A,MN,No,--
MN007A,MN,No,--
MN008A,MN,No,--
MN009A,MN,No,--
MN010A,MN,No,--
MN010A,SS,No,--
MO001A,MO,No,--
MO001B,MO,No,--
MO001C,MO,No,--
MO001D,MO,No,--
MO001E,MO,No,--
MO001F,MO,No,--
MO001G,MO,No,--
MO001H,MO,No,--
MO001I,MO,No,--
MO001J,MO,No,--
MO001K,MO,No,--
MO001L,MO,No,--
MO001M,MO,No,--
MO001N,MO,No,--
MO001O,MO,No,--
MO002A,MO,No,--
MO003A,MO,No,--
MO003B,MO,No,--
MO003C,MO,No,--
MO003D,MO,No,--
MO003E,MO,No,--
MO003F,MO,No,--
MO003G,MO,No,--
MO004A,MO,No,--
MO004B,MO,No,--
MO004C,MO,No,--
MO004D,MO,No,--
MO004E,MO,No,--
MO004F,MO,No,--
MO004G,MO,No,--
MO005A,MO,No,--
MO005B,MO,No,--
MO005C,MO,No,--
MO006A,MO,No,--
MO006B,MO,No,--
MO007A,MO,No,--
MO007B,MO,No,--
MO008A,MO,No,--
MO008B,MO,No,--
MO009A,MO,No,--
MO009B,MO,No,--
MO009C,MO,No,--
MO010A,MO,No,--
MO010B,MO,No,--
MO010C,MO,No,--
MO010D,MO,No,--
MO011A,MO,No,--
MO011B,MO,No,--
MO012A,MO,No,--
MO012B,MO,No,--
MO013A,MO,No,--
MO013B,MO,No,--
MO013C,MO,No,--
MO013D,MO,No,--
MO013E,MO,No,--
MO014A,MO,No,--
MO014B,MO,No,--
MO014C,MO,No,--
MO014D,MO,No,--
MO014E,MO,No,--
MO014F,MO,No,--
MO014G,MO,No,--
MO014H,MO,No,--
MO015A,MO,No,--
MO015B,MO,No,--
MO015C,MO,No,--
MO015D,MO,No,--
MO015E,MO,No,--
MO016A,MO,No,--
MO016B,MO,No,--
MO016C,MO,No,--
MO016D,MO,No,--
MO016E,MO,No,--
MO016F,MO,No,--
MO016G,MO,No,--
MO016H,MO,No,--
MO016I,MO,No,--
MO016J,MO,No,--
MO016K,MO,No,--
MO016L,MO,No,--
MO017A,MO,No,--
MO017B,MO,No,--
MO018A,MO,No,--
MO018B,MO,No,--
MO018C,MO,No,--
MO018D,MO,No,--
MO018E,MO,No,--
MO018F,MO,No,--
MO019A,MO,No,--
MO019B,MO,No,--
MO019C,MO,No,--
MO019D,MO,No,--
MO019E,MO,No,--
MO019F,MO,No,--
MO019G,MO,No,--
MO019H,MO,No,--
MO020A,MO,No,--
MO020B,MO,No,--
MO021A,MO,No,--
MO021B,MO,No,--
MO022A,MO,No,--
MO022B,MO,No,--
MO022C,MO,No,--
MO023A,MO,No,--
MO023B,MO,No,--
MO024A,MO,No,--
MO024B,MO,No,--
MO024C,MO,No,--
MO024D,MO,No,--
MO024E,MO,No,--
MO024F,MO,No,--
MO024G,MO,No,--
MO024H,MO,No,--
MO024I,MO,No,--
MO024J,MO,No,--
MO024K,MO,No,--
MO024L,MO,No,--
MO024M,MO,No,--
MO024N,MO,No,--
MO024O,MO,No,--
MO024P,MO,No,--
MO025A,MO,No,--
MO026A,MO,No,--
MO026B,MO,No,--
MO026C,MO,No,--
MO026D,MO,No,--
MO026E,MO,No,--
MO026F,MO,No,--
MO026G,MO,No,--
MO026H,MO,No,--
MO026I,MO,No,--
MO026J,MO,No,--
MO026K,MO,No,--
MO027A,MO,No,--
MO027B,MO,No,--
MO027C,MO,No,--
MO027D,MO,No,--
MO027E,MO,No,--
MO027F,MO,No,--
MO027G,MO,No,--
MO028A,MO,No,--
MO028B,MO,No,--
MO028C,MO,No,--
MO028D,MO,No,--
MO028E,MO,No,--
MO028F,MO,No,--
MO028G,MO,No,--
MO028H,MO,No,--
MO029A,MO,No,--
MO029B,MO,No,--
MO030A,MO,No,--
MO031A,MO,No,--
MO031B,MO,No,--
MO032A,MO,No,--
MO033A,MO,No,--
MO034A,MO,No,--
MO034B,MO,No,--
MO035A,MO,No,--
MO035B,MO,No,--
MO036A,MO,No,--
MO036B,MO,No,--
MO036C,MO,No,--
MO036D,MO,No,--
MO037A,MO,No,--
MO037B,MO,No,--
MO037C,MO,No,--
MO038A,MO,No,--
MO038B,MO,No,--
MO039A,MO,No,--
MO039B,MO,No,--
MO039C,MO,No,--
MO040A,MO,No,--
MO040B,MO,No,--
MO040C,MO,No,--
MO041A,MO,No,--
MO042A,MO,No,--
MO042B,MO,No,--
MO043A,MO,No,--
MO043B,MO,No,--
MO043C,MO,No,--
MO043D,MO,No,--
MO043E,MO,No,--
MO043F,MO,No,--
MO043G,MO,No,--
MO044A,MO,No,--
MO045A,MO,No,--
MO046A,MO,No,--
MO046B,MO,No,--
MO047A,MO,No,--
MO047B,MO,No,--
MO047C,MO,No,--
MO048A,MO,No,--
MO048B,MO,No,--
MO048C,MO,No,--
MO049A,MO,No,--
MO049B,MO,No,--
MO049C,MO,No,--
MO050A,MO,No,--
MO050B,MO,No,--
MO051A,MO,No,--
MO051B,MO,No,--
MO052A,MO,No,--
MO053A,MO,No,--
MO054A,MO,No,--
MO054B,MO,No,--
MO055A,MO,No,--
MO055B,MO,No,--
MO056A,MO,No,--
MO056B,MO,No,--
MO057A,MO,No,--
MO057B,MO,No,--
MO057C,MO,No,--
MO058A,MO,No,--
MO059A,MO,No,--
MO059B,MO,No,--
MO060A,MO,No,--
MO061A,MO,No,--
MO061B,MO,No,--
MO061C,MO,No,--
MO062A,MO,No,--
MO062B,MO,No,--
MO062C,MO,No,--
MO063A,MO,No,--
MO063B,MO,No,--
MO063C,MO,No,--
MO064A,MO,No,--
MO064B,MO,No,--
MO064C,MO,No,--
MO065A,MO,No,--
MO065B,MO,No,--
MO065C,MO,No,--
MO066A,MO,No,--
MO066B,MO,No,--
MO067A,MO,No,--
MO067B,MO,No,--
MO067C,MO,No,--
MO068A,MO,No,--
MO068B,MO,No,--
MO068C,MO,No,--
MO068D,MO,No,--
MO069A,MO,No,--
MO070A,MO,No,--
MO070B,MO,No,--
MO071A,MO,No,--
MO071B,MO,No,--
MO071C,MO,No,--
MO071D,MO,No,--
MO071E,MO,No,--
MO071F,MO,No,--
MO071G,MO,No,--
MO071H,MO,No,--
MO071I,MO,No,--
MO071J,MO,No,--
MO071K,MO,No,--
MO071L,MO,No,--
MO071M,MO,No,--
MO071N,MO,No,--
MO071O,MO,No,--
MO071P,MO,No,--
MO071Q,MO,No,--
MO071R,MO,No,--
MO071S,MO,No,--
MO071T,MO,No,--
MP001A,MP,No,--
MP001B,MP,No,--
MP001C,MG,No,--
MP001C,MP,No,--
MP001D,MP,No,--
MP002A,MG,No,--
MP002A,MP,No,--
MP003A,MG,No,--
MP003A,MP,No,--
MP003B,MG,No,--
MP003B,MP,No,--
MP004A,MG,No,--
MP004A,MP,No,--
MP005A,MG,No,--
MP005A,MP,No,--
MP005B,MP,No,--
MP005C,MG,No,--
MP005C,MP,No,--
MP005D,MP,No,--
MP005E,MG,No,--
MP005E,MP,No,--
MP005F,MG,No,--
MP005F,MP,No,--
MP005G,MP,No,--
MP006A,MG,No,--
MP006A,MP,No,--
MP006B,MG,No,--
MP006B,MP,No,--
MP006C,MG,No,--
MP006C,MP,No,--
MP006D,MG,No,--
MP006D,MP,No,--
MP006E,MG,No,--
MP006E,MP,No,--
MP007A,MG,No,--
MP007A,MP,No,--
MP008A,MP,No,--
MP009A,MP,No,--
MP010A,MG,No,--
MP010A,MP,No,--
MP011A,MG,No,--
MP011A,MP,No,--
MP012A,MG,No,--
MP012A,MP,No,--
MP013A,MG,No,--
MP013A,MP,No,--
MP014A,MG,No,--
MP014A,MP,No,--
MP015A,MP,No,--
MP016A,MP,No,--
MP017A,MG,No,--
MP017A,MP,No,--
MP018A,MP,No,--
MP019A,MP,Yes,No
MP020A,MG,No,--
MP020A,MP,No,--
MP020B,MG,No,--
MP020B,MP,No,--
MP021A,MP,No,--
MP022A,MG,No,--
MP022A,MP,No,--
MP023A,MG,No,--
MP023A,MP,No,--
MP024A,MP,No,--
MP025A,MG,No,--
MP025A,MP,No,--
MP026A,MG,No,--
MP026A,MP,No,--
MP027A,MG,No,--
MP027A,MP,No,--
MP028A,MP,No,--
MP029A,MP,No,--
MP029B,MP,No,--
MP030A,MP,Yes,No
MP031A,MP,Yes,No
MP032A,MP,Yes,No
MP033A,MP,Yes,No
MP034A,MP,No,--
MP035A,MP,No,--
MP036A,MP,No,--
MP037A,MP,No,--
MP038A,MG,No,--
MP038A,MP,No,--
MP039A,MG,No,--
MP039A,MP,No,--
MP040A,MP,No,--
MP040B,MP,No,--
MP040C,MP,No,--
MP040D,MP,No,--
MP041A,MP,No,--
MP042A,MG,No,--
MP042A,MP,No,--
MP043A,MP,No,--
MP044A,MG,No,--
MP044A,MP,No,--
MP045A,MP,No,--
MP046A,MG,No,--
MP046A,MP,No,--
MR001A,MR,No,--
MR001B,MR,No,--
MR001C,MR,No,--
MR001D,MR,No,--
MR002A,MR,No,--
MR003A,MR,No,--
MR003B,MR,No,--
MR003C,MR,No,--
MR003D,MR,No,--
MR004A,MR,No,--
MR004B,MR,No,--
MR004C,MR,No,--
MR004D,MR,No,--
MR005A,MR,No,--
MR005B,MR,No,--
MR005C,MR,No,--
MR005D,MR,No,--
MR006A,MR,No,--
MR006B,MR,No,--
MR006C,MR,No,--
MR006D,MR,No,--
MR007A,MR,No,--
MR007B,MR,No,--
MR007C,MR,No,--
MR007D,MR,No,--
MR008A,MR,No,--
MR008B,MR,No,--
MR008C,MR,No,--
MR008D,MR,No,--
MR009A,MR,No,--
MR009B,MR,No,--
MR009C,MR,No,--
MR009D,MR,No,--
MR010A,MR,No,--
MR010B,MR,No,--
MR011A,MR,No,--
MR012A,MR,No,--
MR012B,MR,No,--
MR013A,MR,No,--
MR013B,MR,No,--
MR013C,MR,No,--
MR013D,MR,No,--
MR013E,MR,No,--
MR014A,MR,No,--
MR014B,MR,No,--
MR014C,MR,No,--
SB001A,ER,Yes,No
SB001A,SB,Yes,No
SB002A,SB,Yes,No
SB002B,SB,Yes,No
SB003A,SB,No,--
SB003B,SB,No,--
SB004A,SB,Yes,No
SB004B,SB,Yes,No
SB005A,SB,Yes,No
SB005B,SB,Yes,No
SB005C,SB,Yes,No
SB005D,SB,Yes,No
SB006A,SB,Yes,No
SB007A,SB,No,--
SB007B,SB,No,--
SB007C,SB,No,--
SB008A,SB,No,--
SB009A,SB,Yes,No
SB010A,SB,Yes,No
SB010B,SB,Yes,No
SB011A,SB,Yes,No
SB012A,SB,Yes,No
SB012B,SB,Yes,No
SB013A,SB,Yes,No
SB014A,SB,Yes,No
SB015A,SB,Yes,No
SB015B,SB,Yes,No
SB016A,SB,Yes,No
SB017A,SB,Yes,No
SB018A,SB,No,--
SB018B,SB,No,--
SB019A,SB,Yes,No
SB019B,SB,Yes,No
SB019C,SB,Yes,No
SB020A,SB,Yes,No
SB021A,SB,No,--
SB022A,SB,No,--
SB022B,SB,No,--
SB023A,SB,Yes,No
SB024A,SB,Yes,No
SB025A,SB,No,--
SB025B,SB,No,--
SB025C,SB,No,--
SB026A,SB,No,--
SB026B,SB,No,--
SB026C,SB,No,--
SB026D,SB,No,--
SB026E,SB,No,--
SB026E,SC,No,--
SB026F,SB,No,--
SB026F,SC,No,--
SB026G,SB,No,--
SB027A,SB,No,--
SB027B,SB,No,--
SB028A,SB,Yes,No
SB028B,SB,Yes,No
SB028C,SB,Yes,No
SB028D,SB,Yes,No
SB029A,SB,No,--
SB030A,SB,Yes,No
SB031A,SB,No,--
SB031B,SB,No,--
SB031C,SB,No,--
SB032A,SB,No,--
SB032B,SB,No,--
SB032C,SB,No,--
SB032D,SB,No,--
SB032E,SB,No,--
SB032F,SB,No,--
SB033A,SB,No,--
SB034A,SB,No,--
SB035A,SB,Yes,No
SB036A,SB,No,--
SB037A,SB,No,--
SB038A,SB,No,--
SB038B,SB,No,--
SB038C,SB,No,--
SB038D,SB,No,--
SB039A,SB,Yes,No
SB039B,SB,Yes,No
SB040A,SB,No,--
SB041A,SB,No,--
SB041A,SC,No,--
SB042A,SB,No,--
SB043A,SB,No,--
SB043B,SB,No,--
SB043C,SB,No,--
SB043D,SB,No,--
SB043E,SB,No,--
SB043F,SB,No,--
SB043G,SB,No,--
SB044A,SB,No,--
SB044B,SB,No,--
SB044C,SB,No,--
SB044D,SB,No,--
SB044E,SB,No,--
SB044F,SB,No,--
SB044G,SB,No,--
SB045A,SB,No,--
SB045B,SB,No,--
SB046A,SB,No,--
SB046B,SB,No,--
SB047A,SB,Yes,No
SB048A,SB,No,--
SB049A,SB,No,--
SB049B,SB,No,--
SB050A,SB,No,--
SB051A,SB,No,--
SB052A,SB,No,--
SB052B,SB,No,--
SB053A,SB,Yes,No
SB054A,SB,No,--
SB055A,SB,No,--
SB055B,SB,No,--
SB056A,SB,No,--
SB057A,SB,No,--
SB058A,SB,No,--
SB059A,SB,No,--
SB060A,SB,No,--
SB061A,SB,No,--
SB061B,SB,No,--
SB062A,SB,Yes,No
SB063A,SB,No,--
SB064A,SB,No,--
SB064B,SB,No,--
SB065A,SB,Yes,No
SB065A,SG,No,--
SB066A,SB,No,--
SB066B,SB,No,--
SB066C,SB,No,--
SB067A,SB,No,--
SB068A,SB,No,--
SB068A,SN,No,--
SB069A,SB,No,--
SB070A,SB,No,--
SB070B,SB,No,--
SB071A,SB,No,--
SB071B,SB,No,--
SBU100,SB,No,--
SC001A,SC,No,--
SC001B,SC,No,--
SC002A,SC,No,--
SC002A,SL,No,--
SC002B,SC,No,--
SC002B,SL,No,--
SC003A,SC,No,--
SC003B,SC,No,--
SC003C,SC,No,--
SC004A,SC,No,--
SC005A,SC,No,--
SC005B,SC,No,--
SC006A,SC,No,--
SC006B,SC,No,--
SC007A,SC,No,--
SC008A,SC,No,--
SC008B,SC,No,--
SC009A,SC,No,--
SC009B,SC,No,--
SC010A,SC,No,--
SC010B,SC,No,--
SC011A,SC,No,--
SC011B,SC,No,--
SC012A,SC,No,--
SC012B,SC,No,--
SC013A,SC,No,--
SC014A,SC,No,--
SC015A,SC,No,--
SC016A,SC,No,--
SC016B,SC,No,--
SC017A,SC,No,--
SC018A,SC,No,--
SC018A,SS,No,--
SC019A,SC,No,--
SC020A,SC,No,--
SC020B,SC,No,--
SC020C,SC,No,--
SC020D,SC,No,--
SC021A,SC,No,--
SC021A,SS,No,--
SC022A,SC,No,--
SC023A,SC,No,--
SC023A,SU,No,--
SC024A,SC,No,--
SC024A,SU,No,--
SC024B,SC,No,--
SC024B,SU,No,--
SC024C,SC,No,--
SC024C,SU,No,--
SC024D,SC,No,--
SC024D,SU,No,--
SC024E,SC,No,--
SC024E,SU,No,--
SC024F,SC,No,--
SC024F,SU,No,--
SC024G,SC,No,--
SC024G,SU,No,--
SC024H,SC,No,--
SC024H,SU,No,--
SC024I,SC,No,--
SC024I,SU,No,--
SC025A,SC,No,--
SC026A,SC,No,--
SC026A,SU,No,--
SC027A,SC,No,--
SC027A,SU,No,--
SC028A,SC,No,--
SC029A,SC,No,--
SC030A,SC,No,--
SC030A,SO,No,--
SC030B,SC,No,--
SC030B,SO,No,--
SC031A,SC,No,--
SC031B,SC,No,--
SC032A,SC,No,--
SC032A,SO,No,--
SC032B,SC,No,--
SC032B,SO,No,--
SC032C,SC,No,--
SC032C,SO,No,--
SC032D,SC,No,--
SC032D,SO,No,--
SC032E,SC,No,--
SC032E,SO,No,--
SC032F,SC,No,--
SC032F,SO,No,--
SC032G,SC,No,--
SC032G,SO,No,--
SC033A,SC,No,--
SC034A,SC,No,--
SC034A,SO,No,--
SC035A,SC,No,--
SC035A,SO,No,--
SC036A,SC,No,--
SC036B,SC,No,--
SC037A,SC,No,--
SC038A,SC,No,--
SC039A,SC,No,--
SC040A,SC,No,--
SC040B,SC,No,--
SC041A,SC,No,--
SC042A,SC,No,--
SC043A,SC,No,--
SC044A,SC,No,--
SC045A,SC,No,--
SC046A,SC,No,--
SC047A,SC,No,--
SC047B,SC,No,--
SC048A,SC,No,--
SC048B,SC,No,--
SC049A,SC,No,--
SC050A,SC,No,--
SC051A,SC,No,--
SC052A,SC,No,--
SC053A,SC,No,--
SC053B,SC,No,--
SC054A,SC,No,--
SC055A,SC,No,--
SC055B,SC,No,--
SC056A,SC,No,--
SC057A,SC,No,--
SC057B,SC,No,--
SC058A,SC,No,--
SC058B,SC,No,--
SC059A,SC,No,--
SC059B,SC,No,--
SC060A,SC,No,--
SC061A,SC,No,--
SC062A,SC,No,--
SC063A,SC,No,--
SC064A,SC,No,--
SC064A,SL,No,--
SC064B,SC,No,--
SC064B,SL,No,--
SC064C,SC,No,--
SC064C,SL,No,--
SC065A,SC,No,--
SC066A,SC,No,--
SC067A,SC,No,--
SC068A,SC,No,--
SC068A,SP,No,--
SC068B,SC,No,--
SC068B,SP,No,--
SC069A,SC,No,--
SC070A,SB,No,--
SC070A,SC,No,--
SC071A,SC,No,--
SC071B,SC,No,--
SC072A,SC,No,--
SC073A,SC,No,--
SC073A,SP,No,--
SC074A,SC,No,--
SC074A,SP,No,--
SC074A,SV,No,--
SC075A,SC,No,--
SC076A,SC,No,--
SCU100,SC,No,--
SE001A,SE,No,--
SE002A,SE,Yes,No
SE003A,SE,Yes,No
SE004A,SE,Yes,Yes
SE005A,SE,Yes,No
SE006A,SE,Yes,No
SE007A,SE,Yes,No
SE008A,SE,Yes,No
SE008B,SE,Yes,No
SE009A,SE,Yes,No
SE010A,SE,No,--
SE010B,SE,No,--
SE010C,SE,No,--
SE010D,SE,No,--
SE011A,SE,No,--
SE012A,SE,No,--
SE012B,SE,No,--
SE013A,SE,No,--
SE014A,SE,Yes,No
SE015A,SE,No,--
SE016A,SE,No,--
SE017A,SE,No,--
SE018A,SE,No,--
SE019A,SE,Yes,No
SE020A,SE,Yes,No
SE020B,SE,Yes,No
SE021A,SE,No,--
SE021B,SE,No,--
SE021C,SE,No,--
SE022A,SE,No,--
SE023A,SE,No,--
SE024A,SE,No,--
SE025A,SE,Yes,Yes
SE026A,SE,Yes,No
SE027A,SE,No,--
SE027B,SE,Yes,No
SE027C,SE,No,--
SE027D,SE,No,--
SE028A,SE,No,--
SE029A,SE,No,--
SE029B,SE,No,--
SE030A,SE,No,--
SE031A,SE,No,--
SE032A,SE,No,--
SE033A,SE,No,--
SE034A,SE,No,--
SE035A,SE,Yes,No
SE035B,SE,Yes,No
SE036A,SE,No,--
SE037A,SC,No,--
SE037A,SE,No,--
SE038A,SE,No,--
SE039A,SE,No,--
SE040A,SE,Yes,No
SEU100,SE,No,--
SG001A,SC,No,--
SG001A,SG,No,--
SG002A,SG,No,--
SG002A,SS,No,--
SG003A,SG,No,--
SG003B,SG,No,--
SG003C,SC,No,--
SG003C,SG,No,--
SG003D,SC,No,--
SG003D,SG,No,--
SG003E,SC,No,--
SG003E,SG,No,--
SG003F,SC,No,--
SG003F,SG,No,--
SG004A,SG,No,--
SG004A,SS,No,--
SG005A,SG,No,--
SG005B,SG,No,--
SG006A,SG,No,--
SG007A,SG,No,--
SG007B,SG,No,--
SG008A,SG,No,--
SG008A,SS,No,--
SG009A,SG,No,--
SG009A,SS,No,--
SG010A,SC,No,--
SG010A,SG,No,--
SG011A,SG,No,--
SG011A,SS,No,--
SG011B,SG,No,--
SG011B,SS,No,--
SG011C,SG,No,--
SG011C,SS,No,--
SG011D,SG,No,--
SG011D,SS,No,--
SG012A,SC,No,--
SG012A,SG,No,--
SG012A,SS,No,--
SG013A,SG,No,--
SG013A,SS,No,--
SG014A,SG,No,--
SG014A,SS,No,--
SG015A,SG,No,--
SG015A,SS,No,--
SG016A,SG,No,--
SG016B,SG,No,--
SG016B,SS,No,--
SG017A,SG,Yes,No
SG017A,SS,No,--
SG017B,SG,Yes,No
SG017B,SS,No,--
SG018A,SG,No,--
SG018A,SS,No,--
SG019A,SG,No,--
SG019A,SS,No,--
SG020A,SC,No,--
SG020A,SG,No,--
SG020B,SC,No,--
SG020B,SG,No,--
SG021A,SC,No,--
SG021A,SG,No,--
SG021B,SC,No,--
SG021B,SG,No,--
SG021C,SC,No,--
SG021C,SG,No,--
SG021D,SC,No,--
SG021D,SG,No,--
SG022A,SG,No,--
SG022A,SS,No,--
SG023A,SC,No,--
SG023A,SG,No,--
SG023A,SS,No,--
SG024A,SC,No,--
SG024A,SG,No,--
SG024A,SS,No,--
SG025A,SG,No,--
SG026A,SG,No,--
SG027A,SG,No,--
SG027B,SG,No,--
SG028A,SC,No,--
SG028A,SG,Yes,No
SG029A,SC,No,--
SG029A,SG,No,--
SG029B,SC,No,--
SG029B,SG,No,--
SG030A,SG,No,--
SG030A,SS,No,--
SG030B,SG,No,--
SG030B,SS,No,--
SG031A,SG,Yes,No
SG032A,SG,Yes,No
SG032B,SG,Yes,No
SG033A,SG,Yes,No
SG034A,SG,Yes,No
SG035A,SG,No,--
SG035A,SS,No,--
SG036A,SG,No,--
SG036A,SO,No,--
SG036A,SS,No,--
SG037A,SC,No,--
SG037A,SG,No,--
SG037A,SS,No,--
SG037B,SC,No,--
SG037B,SG,No,--
SG037B,SS,No,--
SG038A,SG,No,--
SG038A,SS,No,--
SG039A,SG,Yes,No
SG039A,SS,No,--
SG039B,SG,Yes,No
SG039B,SS,No,--
SG039C,SG,Yes,No
SG039C,SS,No,--
SG039D,SG,Yes,No
SG039D,SS,No,--
SG040A,SG,Yes,No
SG040A,SS,No,--
SG040B,SG,Yes,No
SG040B,SS,No,--
SG041A,SG,Yes,No
SG041A,SS,No,--
SG042A,SG,No,--
SG042A,SS,No,--
SG042B,SG,No,--
SG042B,SS,No,--
SG043A,SC,No,--
SG043A,SG,No,--
SG044A,SC,No,--
SG044A,SG,No,--
SG044A,SS,No,--
SG045A,SC,No,--
SG045A,SG,No,--
SG046A,SG,No,--
SG047A,SG,No,--
SG048A,SG,No,--
SG048A,SS,No,--
SG049A,SC,No,--
SG049A,SG,No,--
SG049A,SS,No,--
SG050A,SG,Yes,No
SG050B,SG,Yes,No
SG050C,SG,Yes,No
SG050D,SG,Yes,No
SG050E,SG,Yes,No
SG050E,SS,No,--
SG051A,SG,Yes,No
SG051A,SS,No,--
SG051B,SG,Yes,No
SG051B,SS,No,--
SG051C,SG,Yes,No
SG051C,SS,No,--
SG051D,SG,Yes,No
SG051D,SS,No,--
SG052A,SG,Yes,No
SG052A,SS,No,--
SG053A,SG,No,--
SG053A,SS,No,--
SG053B,SG,No,--
SG053B,SS,No,--
SG053C,SG,No,--
SG053C,SS,No,--
SG053D,SG,No,--
SG053D,SS,No,--
SG054A,SG,Yes,No
SG054B,SG,Yes,No
SG055A,SG,Yes,No
SG056A,SG,Yes,No
SG056A,SS,No,--
SG057A,SG,Yes,No
SG057A,SS,No,--
SG057B,SG,Yes,No
SG057B,SS,No,--
SG058A,SG,No,--
SG058A,SU,No,--
SG059A,SC,No,--
SG059A,SG,Yes,No
SG059A,SS,No,--
SG060A,SG,Yes,No
SG060A,SS,No,--
SG061A,SC,No,--
SG061A,SG,No,--
SG062A,SC,No,--
SG062A,SG,No,--
SG062B,SC,No,--
SG062B,SG,No,--
SG062C,SC,No,--
SG062C,SG,No,--
SG063A,SC,No,--
SG063A,SG,No,--
SG063A,SS,No,--
SG064A,SC,No,--
SG064A,SG,No,--
SG065A,SG,No,--
SG066A,SC,No,--
SG066A,SG,No,--
SG067A,SC,No,--
SG067A,SG,No,--
SG067A,SL,No,--
SG068A,SG,No,--
SG068A,SL,No,--
SG069A,SC,No,--
SG069A,SG,No,--
SG069A,SV,No,--
SG070A,SC,No,--
SG070A,SG,No,--
SG070A,SL,No,--
SG070A,SS,No,--
SG070B,SC,No,--
SG070B,SG,No,--
SG070B,SL,No,--
SG070B,SS,No,--
SG070C,SC,No,--
SG070C,SG,No,--
SG070C,SL,No,--
SG070C,SS,No,--
SG071A,SC,No,--
SG071A,SG,No,--
SG071A,SS,No,--
SG071B,SC,No,--
SG071B,SG,No,--
SG071B,SS,No,--
SG072A,SG,No,--
SG072A,SS,No,--
SG073A,SG,No,--
SG073A,SS,No,--
SG074A,SC,No,--
SG074A,SG,Yes,No
SG075A,SC,No,--
SG075A,SG,No,--
SG075B,SC,No,--
SG075B,SG,No,--
SG076A,SG,No,--
SG077A,SG,Yes,No
SG077A,SS,No,--
SG077A,SV,No,--
SG078A,SG,Yes,No
SG078A,SS,No,--
SG079A,SG,No,--
SG079A,SS,No,--
SG080A,SG,No,--
SG080A,SS,No,--
SG081A,SC,No,--
SG081A,SG,No,--
SG081A,SS,No,--
SG081B,SC,No,--
SG081B,SG,No,--
SG081B,SS,No,--
SG082A,SG,No,--
SG082A,SS,No,--
SG083A,SG,No,--
SG083A,SS,No,--
SG084A,SG,Yes,No
SG084A,SS,No,--
SG085A,SG,Yes,No
SG085B,SG,Yes,No
SG085C,SG,Yes,No
SG086A,SG,Yes,No
SG087A,SC,No,--
SG087A,SG,No,--
SG088A,SG,No,--
SG088A,SP,No,--
SG089A,SG,No,--
SG090A,SG,No,--
SG090A,SP,No,--
SG090A,SS,No,--
SG090B,SG,No,--
SG090B,SP,No,--
SG090B,SS,No,--
SG090C,SG,No,--
SG090C,SP,No,--
SG090C,SS,No,--
SG091A,SG,No,--
SG091A,SP,No,--
SG091A,SS,No,--
SG092A,SB,No,--
SG092A,SG,No,--
SG093A,SG,No,--
SG094A,SG,No,--
SG095A,SG,Yes,No
SG096A,SG,Yes,No
SG096A,SO,No,--
SG096A,SS,No,--
SG096B,SG,Yes,No
SG096B,SO,No,--
SG096B,SS,No,--
SG096C,SG,Yes,No
SG096C,SO,No,--
SG096C,SS,No,--
SG096D,SG,Yes,No
SG096D,SO,No,--
SG096D,SS,No,--
SG096E,SG,Yes,No
SG096E,SO,No,--
SG096E,SS,No,--
SG097A,SG,No,--
SG097B,SG,No,--
SG098A,SG,No,--
SG098A,SL,No,--
SG098A,SS,No,--
SGU100,SG,No,--
SL001A,SC,No,--
SL001A,SL,No,--
SL001B,SL,No,--
SL002A,SL,No,--
SL003A,SL,No,--
SL003B,SL,No,--
SL004A,SC,No,--
SL004A,SL,No,--
SL004B,SC,No,--
SL004B,SL,No,--
SL005A,SC,No,--
SL005A,SL,No,--
SL005B,SC,No,--
SL005B,SL,No,--
SL006A,SL,No,--
SL007A,SL,Yes,No
SL008A,SL,No,--
SL009A,SL,Yes,No
SL010A,SL,Yes,No
SL011A,SL,Yes,No
SL012A,SL,No,--
SL013A,SL,Yes,No
SL014A,SL,No,--
SL014B,SL,No,--
SL014C,SL,No,--
SL014D,SL,No,--
SL015A,SL,Yes,No
SL016A,SL,Yes,No
SL016B,SL,Yes,No
SL017A,SL,Yes,No
SL017A,SS,No,--
SL017B,SL,Yes,No
SL017B,SS,No,--
SL018A,SL,No,--
SL018B,SL,No,--
SL018C,SL,No,--
SL018D,SL,No,--
SL018E,SL,No,--
SL019A,SL,No,--
SL019A,SS,No,--
SL020A,SC,No,--
SL020A,SL,No,--
SL020B,SC,No,--
SL020B,SL,No,--
SL020C,SC,No,--
SL020C,SL,No,--
SL021A,SC,No,--
SL021A,SG,No,--
SL021A,SL,No,--
SL021B,SC,No,--
SL021B,SG,No,--
SL021B,SL,No,--
SL022A,SL,No,--
SL022B,SL,No,--
SL022C,SL,No,--
SL023A,SL,No,--
SL023A,SS,No,--
SL023B,SL,No,--
SL023B,SS,No,--
SL023C,SL,No,--
SL023C,SS,No,--
SL024A,SL,No,--
SL025A,SC,No,--
SL025A,SL,No,--
SL026A,SL,No,--
SL026B,SL,No,--
SL027A,SC,No,--
SL027A,SG,No,--
SL027A,SL,No,--
SL027B,SC,No,--
SL027B,SG,No,--
SL027B,SL,No,--
SL027C,SC,No,--
SL027C,SG,No,--
SL027C,SL,No,--
SL027D,SC,No,--
SL027D,SG,No,--
SL027D,SL,No,--
SL028A,SG,No,--
SL028A,SL,No,--
SL028A,SS,No,--
SL028B,SG,No,--
SL028B,SL,No,--
SL028B,SS,No,--
SL029A,SC,No,--
SL029A,SL,No,--
SL029A,SN,No,--
SL029B,SC,No,--
SL029B,SL,No,--
SL029C,SC,No,--
SL029C,SL,No,--
SL029D,SC,No,--
SL029D,SL,No,--
SL029E,SC,No,--
SL029E,SL,No,--
SL030A,SC,No,--
SL030A,SL,No,--
SL030B,SC,No,--
SL030B,SL,No,--
SL031A,SC,No,--
SL031A,SL,No,--
SL031B,SC,No,--
SL031B,SL,No,--
SL031C,SC,No,--
SL031C,SL,No,--
SL032A,SC,No,--
SL032A,SL,No,--
SL032B,SC,No,--
SL032B,SL,No,--
SL032C,SC,No,--
SL032C,SL,No,--
SL032D,SC,No,--
SL032D,SL,No,--
SL033A,SL,No,--
SL033B,SL,No,--
SL033C,SL,No,--
SL033D,SL,No,--
SL034A,SL,No,--
SL034A,SM,No,--
SL034A,SP,No,--
SL034B,SL,No,--
SL034B,SM,No,--
SL034B,SP,No,--
SL034C,SL,No,--
SL034C,SM,No,--
SL034C,SP,No,--
SL035A,SL,No,--
SL035B,SL,No,--
SL035C,SL,No,--
SL035D,SL,No,--
SLU100,SL,No,--
SM001A,SM,Yes,No
SM002A,SM,Yes,No
SM003A,SM,No,--
SM004A,SM,No,--
SM004B,SM,No,--
SM005A,SM,No,--
SM005B,SM,No,--
SM006A,SM,No,--
SM007A,SM,No,--
SMU100,SM,No,--
SN001A,SN,No,--
SN002A,SN,No,--
SN002B,SN,No,--
SN003A,SN,No,--
SN004A,SN,No,--
SN005A,SN,No,--
SN005B,SN,No,--
SN005C,SN,No,--
SN006A,SN,No,--
SN006B,SN,No,--
SN007A,SN,No,--
SN007B,SN,No,--
SN008A,SN,No,--
SN008B,SN,No,--
SN009A,SN,No,--
SN009B,SN,No,--
SN009C,SN,No,--
SN010A,SN,No,--
SN011A,SN,No,--
SN012A,SN,No,--
SN013A,SN,No,--
SN014A,SN,No,--
SN015A,SN,No,--
SN015B,SN,No,--
SN015C,SN,No,--
SN015D,SN,No,--
SN015E,SN,No,--
SN016A,SN,No,--
SN017A,SN,No,--
SN018A,SN,No,--
SN019A,SN,No,--
SN020A,SN,No,--
SN021A,SN,No,--
SN022A,SN,No,--
SN022B,SN,No,--
SN022C,SN,No,--
SN022D,SN,No,--
SN023A,SN,No,--
SN024A,SN,No,--
SN025A,SN,No,--
SN025B,SN,No,--
SN025C,SN,No,--
SN026A,SN,No,--
SN027A,SN,No,--
SN028A,SN,No,--
SN029A,SN,No,--
SN030A,SN,No,--
SN031A,SN,No,--
SN032A,SB,No,--
SN032A,SN,No,--
SN032B,SB,No,--
SN032B,SN,No,--
SN033A,SN,No,--
SN034A,SB,No,--
SN034A,SN,No,--
SN034B,SB,No,--
SN034B,SN,No,--
SN035A,SN,No,--
SN035B,SL,No,--
SN035B,SM,No,--
SN035B,SN,No,--
SN036A,SN,No,--
SN036B,SN,No,--
SN037A,SN,No,--
SN038A,SB,No,--
SN038A,SN,No,--
SN038B,SB,No,--
SN038B,SN,No,--
SN039A,SN,No,--
SN039B,SN,No,--
SN040A,SN,No,--
SN040B,SN,No,--
SN041A,SN,No,--
SN041B,SN,No,--
SN042A,SN,No,--
SN042B,SN,No,--
SN043A,SN,No,--
SN043B,SN,No,--
SN044A,SN,No,--
SN045A,SN,No,--
SN046A,SB,No,--
SN046A,SN,No,--
SN047A,SN,No,--
SN048A,SN,No,--
SN049A,SN,No,--
SN049B,SN,No,--
SN050A,SN,No,--
SN051A,SN,No,--
SN052A,SN,No,--
SN053A,SN,No,--
SN054A,SN,No,--
SNU100,SN,No,--
SO001A,SO,No,--
SO002A,SC,No,--
SO002A,SO,No,--
SO002A,SS,No,--
SO003A,SO,No,--
SO004A,SO,No,--
SO005A,SO,No,--
SO006A,SO,Yes,No
SO007A,SO,No,--
SO008A,SO,Yes,No
SO009A,SO,No,--
SO010A,SC,No,--
SO010A,SO,Yes,No
SO010B,SC,No,--
SO010B,SO,Yes,No
SO010C,SO,Yes,No
SO010D,SO,No,--
SO010E,SO,Yes,No
SO010F,SO,Yes,No
SO011A,SO,Yes,Yes
SO012A,SO,Yes,No
SO013A,SO,No,--
SO014A,SO,Yes,No
SO015A,SO,Yes,No
SO016A,SO,No,--
SO016B,SO,No,--
SO017A,SO,Yes,No
SO018A,SO,Yes,No
SO019A,SO,Yes,No
SO020A,SO,No,--
SO021A,SO,No,--
SO022A,SO,No,--
SO023A,SO,No,--
SO024A,SO,No,--
SO024B,SO,No,--
SO025A,SO,Yes,No
SO025A,SU,No,--
SO025B,SO,Yes,No
SO025B,SU,No,--
SO026A,SO,No,--
SO027A,SO,No,--
SO028A,SO,No,--
SO029A,SO,Yes,No
SO030A,SO,Yes,No
SO031A,SO,No,--
SO032A,SO,Yes,No
SO032A,SU,No,--
SO033A,SO,Yes,No
SO033A,SS,No,--
SO034A,SO,No,--
SO035A,SC,No,--
SO035A,SO,No,--
SO036A,SC,No,--
SO036A,SO,No,--
SO037A,SO,No,--
SO038A,SO,No,--
SO039A,SC,No,--
SO039A,SO,No,--
SO039A,SS,No,--
SO040A,SO,No,--
SO040B,SO,No,--
SO041A,SO,No,--
SO042A,SO,No,--
SO043A,SO,No,--
SO043B,SO,No,--
SO044A,SO,No,--
SO045A,SO,Yes,No
SO046A,SO,No,--
SO047A,SO,No,--
SO048A,SO,No,--
SO049A,SO,No,--
SO050A,SO,No,--
SO051A,SO,No,--
SO052A,SO,No,--
SO053A,SO,Yes,No
SO053B,SO,Yes,No
SO053C,SO,Yes,No
SO054A,SO,Yes,Yes
SO054B,SO,Yes,Yes
SO054C,SO,Yes,Yes
SO054D,SO,Yes,Yes
SO054E,SO,Yes,Yes
SO055A,SO,Yes,No
SO056A,SO,Yes,No
SO057A,SO,Yes,Yes
SO058A,SO,Yes,No
SO058B,SO,Yes,No
SO059A,SO,Yes,No
SO059B,SO,Yes,No
SOU100,SO,No,--
SP001A,SP,No,--
SP002A,SP,No,--
SP003A,SP,No,--
SP004A,SP,No,--
SP005A,SP,No,--
SP006A,SP,No,--
SP006B,SP,No,--
SP006C,SP,No,--
SP007A,SP,No,--
SP007B,SP,No,--
SP007C,SP,No,--
SP008A,SP,No,--
SPU100,SP,No,--
SS001A,SM,No,--
SS001A,SP,No,--
SS001A,SS,Yes,No
SS002A,SS,No,--
SS002B,SS,No,--
SS003A,SS,No,--
SS004A,SS,No,--
SS005A,SS,No,--
SS006A,SS,No,--
SS007A,SS,No,--
SS007B,SS,No,--
SS008A,SS,No,--
SS008B,SS,No,--
SS008C,SS,No,--
SS008D,SS,No,--
SS008E,SS,No,--
SS009A,SS,No,--
SS010A,SS,No,--
SS010B,SS,No,--
SS010C,SS,No,--
SS010D,SS,No,--
SS010E,SS,No,--
SS010F,SS,No,--
SS011A,SS,No,--
SS012A,SS,No,--
SS013A,SS,No,--
SS014A,SS,No,--
SS014B,SS,No,--
SS015A,SS,No,--
SS016A,SS,No,--
SS017A,SS,No,--
SS018A,SS,No,--
SS019A,SS,No,--
SS019B,SS,No,--
SS019C,SS,No,--
SS019D,SS,No,--
SS019E,SS,No,--
SSU100,SS,No,--
ST001A,SB,No,--
ST001A,SG,No,--
ST001A,SN,No,--
ST001A,ST,No,--
ST001B,SB,No,--
ST001B,SG,No,--
ST001B,SN,No,--
ST001B,ST,No,--
ST002A,SB,No,--
ST002A,SG,No,--
ST002A,SM,No,--
ST002A,SN,No,--
ST002A,ST,No,--
ST003A,SB,No,--
ST003A,SG,No,--
ST003A,SN,No,--
ST003A,ST,No,--
ST003B,SB,No,--
ST003B,SG,No,--
ST003B,SN,No,--
ST003B,ST,No,--
ST003C,SB,No,--
ST003C,SG,No,--
ST003C,SN,No,--
ST003C,ST,No,--
ST003D,SB,No,--
ST003D,SG,No,--
ST003D,SN,No,--
ST003D,ST,No,--
ST004A,SB,No,--
ST004A,SG,No,--
ST004A,SN,No,--
ST004A,ST,No,--
ST004B,SB,No,--
ST004B,SG,No,--
ST004B,SN,No,--
ST004B,ST,No,--
ST005A,SB,No,--
ST005A,SG,No,--
ST005A,SN,No,--
ST005A,ST,No,--
ST005B,SB,No,--
ST005B,SG,No,--
ST005B,SN,No,--
ST005B,ST,No,--
ST006A,SB,No,--
ST006A,SG,No,--
ST006A,SN,No,--
ST006A,ST,No,--
ST007A,SB,No,--
ST007A,SG,No,--
ST007A,SN,No,--
ST007A,ST,No,--
ST008A,SB,No,--
ST008A,SG,No,--
ST008A,SN,No,--
ST008A,ST,No,--
ST009A,SB,No,--
ST009A,SG,No,--
ST009A,SN,No,--
ST009A,ST,No,--
ST009B,SB,No,--
ST009B,SG,No,--
ST009B,SN,No,--
ST009B,ST,No,--
ST009C,SB,No,--
ST009C,SG,No,--
ST009C,SN,No,--
ST009C,ST,No,--
ST009D,SB,No,--
ST009D,SG,No,--
ST009D,SN,No,--
ST009D,ST,No,--
ST009E,SB,No,--
ST009E,SG,No,--
ST009E,SN,No,--
ST009E,ST,No,--
ST010A,SB,No,--
ST010A,SG,No,--
ST010A,SN,No,--
ST010A,ST,No,--
ST010B,SB,No,--
ST010B,SG,No,--
ST010B,SN,No,--
ST010B,ST,No,--
STU100,ST,No,--
SU001A,SS,No,--
SU001A,SU,No,--
SU001B,SS,No,--
SU001B,SU,No,--
SU002A,SS,No,--
SU002A,SU,No,--
SU002B,SS,No,--
SU002B,SU,No,--
SU003A,SC,No,--
SU003A,SS,No,--
SU003A,SU,No,--
SU003B,SC,No,--
SU003B,SS,No,--
SU003B,SU,No,--
SU003C,SC,No,--
SU003C,SS,No,--
SU003C,SU,No,--
SU003D,SC,No,--
SU003D,SS,No,--
SU003D,SU,No,--
SU004A,SC,No,--
SU004A,SS,No,--
SU004A,SU,No,--
SU004B,SC,No,--
SU004B,SS,No,--
SU004B,SU,No,--
SU005A,SU,No,--
SU005B,SU,No,--
SU006A,SU,No,--
SU007A,SU,No,--
SU008A,IN,No,--
SU008A,SS,No,--
SU008A,SU,No,--
SU009A,SU,No,--
SU010A,SC,No,--
SU010A,SS,No,--
SU010A,SU,No,--
SU010B,SC,No,--
SU010B,SS,No,--
SU010B,SU,No,--
SU011A,SC,No,--
SU011A,SS,No,--
SU011A,SU,No,--
SU011B,SC,No,--
SU011B,SS,No,--
SU011B,SU,No,--
SU013A,SU,No,--
SU013B,SU,No,--
SU014A,SU,No,--
SU014B,SU,No,--
SU015A,SU,No,--
SU016A,SU,No,--
SU017A,SU,No,--
SU018A,SS,No,--
SU018A,SU,No,--
SU018B,SS,No,--
SU018B,SU,No,--
SU019A,SU,No,--
SU020A,SU,No,--
SU021A,SS,No,--
SU021A,SU,No,--
SU021B,SS,No,--
SU021B,SU,No,--
SU021C,SS,No,--
SU021C,SU,No,--
SU021D,SS,No,--
SU021D,SU,No,--
SU021E,SS,No,--
SU021E,SU,No,--
SU021F,SS,No,--
SU021F,SU,No,--
SU022A,SU,No,--
SU023A,SS,No,--
SU023A,SU,No,--
SU023B,SS,No,--
SU023B,SU,No,--
SU024A,SS,No,--
SU024A,SU,No,--
SU024B,SS,No,--
SU024B,SU,No,--
SU025A,SU,No,--
SU026A,SU,No,--
SU026B,SU,No,--
SU027A,SS,No,--
SU027A,SU,No,--
SU028A,SS,No,--
SU028A,SU,No,--
SU028B,SS,No,--
SU028B,SU,No,--
SU029A,SO,No,--
SU029A,SU,No,--
SU029B,SO,No,--
SU029B,SU,No,--
SU029C,SO,No,--
SU029C,SU,No,--
SU029D,SO,No,--
SU029D,SU,No,--
SU030A,SS,No,--
SU030A,SU,No,--
SU030B,SS,No,--
SU030B,SU,No,--
SU031A,SU,No,--
SU031B,SU,No,--
SU032A,SU,No,--
SU033A,SS,No,--
SU033A,SU,No,--
SU034A,SU,No,--
SU035A,SU,No,--
SU036A,SU,No,--
SU037A,SS,No,--
SU037A,SU,No,--
SU038A,SU,No,--
SU038B,SU,No,--
SU039A,SU,No,--
SU040A,SS,No,--
SU040A,SU,No,--
SU041A,SS,No,--
SU041A,SU,No,--
SU041B,SS,No,--
SU041B,SU,No,--
SU042A,SS,No,--
SU042A,SU,No,--
SU043A,SC,No,--
SU043A,SS,No,--
SU043A,SU,No,--
SU043B,SC,No,--
SU043B,SS,No,--
SU043B,SU,No,--
SU044A,SU,No,--
SU045A,SS,No,--
SU045A,SU,No,--
SU045B,SS,No,--
SU045B,SU,No,--
SU046A,SU,No,--
SU047A,SU,No,--
SU048A,SS,No,--
SU048A,SU,No,--
SU049A,SS,No,--
SU049A,SU,No,--
SU050A,SS,No,--
SU050A,SU,No,--
SU051A,SS,No,--
SU051A,SU,No,--
SU052A,SS,No,--
SU052A,SU,No,--
SU053A,SS,No,--
SU053A,SU,No,--
SU054A,SU,No,--
SU055A,SC,No,--
SU055A,SU,No,--
SU056A,SC,No,--
SU056A,SU,No,--
SU057A,SU,No,--
SU058A,SU,No,--
SU058B,SU,No,--
SU059A,SU,No,--
SU060A,MO,No,--
SU060A,SU,No,--
SU060B,MO,No,--
SU060B,SU,No,--
SU061A,SS,No,--
SU061A,SU,No,--
SU062A,SC,No,--
SU062A,SU,No,--
SU063A,SU,No,--
SU064A,SS,No,--
SU064A,SU,No,--
SU065A,SS,No,--
SU065A,SU,No,--
SU065B,SS,No,--
SU065B,SU,No,--
SU066A,SS,No,--
SU066A,SU,No,--
SU066B,SS,No,--
SU066B,SU,No,--
SU066C,SS,No,--
SU066C,SU,No,--
SU066D,SS,No,--
SU066D,SU,No,--
SU067A,SU,No,--
SU068A,SS,No,--
SU068A,SU,No,--
SU068B,SS,No,--
SU068B,SU,No,--
SU069A,SS,No,--
SU069A,SU,No,--
SU070A,SS,No,--
SU070A,SU,No,--
SU071A,SP,No,--
SU071A,SS,No,--
SU071A,SU,No,--
SU071B,SP,No,--
SU071B,SS,No,--
SU071B,SU,No,--
SU071C,SP,No,--
SU071C,SS,No,--
SU071C,SU,No,--
SU071D,SP,No,--
SU071D,SS,No,--
SU071D,SU,No,--
SU072A,SU,No,--
SU073A,ER,No,--
SU073A,SS,No,--
SU073A,SU,No,--
SU074A,SU,No,--
SU075A,SO,No,--
SU075A,SS,No,--
SU075A,SU,No,--
SU076A,SS,No,--
SU076A,SU,No,--
SU077A,SU,No,--
SU078A,SU,No,--
SU078B,SU,No,--
SU079A,SU,No,--
SU080A,SU,No,--
SU080B,SU,No,--
SU081A,SU,No,--
SU082A,SC,No,--
SU082A,SU,No,--
SU082B,SC,No,--
SU082B,SU,No,--
SU083A,SU,No,--
SU083B,SU,No,--
SU084A,SU,No,--
SU085A,SU,No,--
SU086A,SC,No,--
SU086A,SS,No,--
SU086A,SU,No,--
SU086B,SC,No,--
SU086B,SS,No,--
SU086B,SU,No,--
SU087A,SC,No,--
SU087A,SU,No,--
SU088A,SS,No,--
SU088A,SU,No,--
SU088B,SS,No,--
SU088B,SU,No,--
SU088C,SS,No,--
SU088C,SU,No,--
SU089A,SU,No,--
SU089B,SU,No,--
SU090A,SC,No,--
SU090A,SO,No,--
SU090A,SU,No,--
SU090B,SC,No,--
SU090B,SO,No,--
SU090B,SU,No,--
SU091A,SC,No,--
SU091A,SU,No,--
SU092A,SO,No,--
SU092A,SU,No,--
SU093A,SU,No,--
SU094A,SS,No,--
SU094A,SU,No,--
SUU100,SU,No,--
SV001A,SV,No,--
SV001B,SV,No,--
SV001C,SV,No,--
SV001D,SV,No,--
SV001E,SV,No,--
SV001F,SV,No,--
SV001G,SV,No,--
SV002A,SV,No,--
SV002B,SV,No,--
SV002C,SV,No,--
SV002D,SV,No,--
SV002E,SV,No,--
SV002F,SV,No,--
SV002G,SV,No,--
SV002H,SV,No,--
SV002I,SV,No,--
SV002J,SV,No,--
SV002K,SV,No,--
SV002L,SV,No,--
SV002M,SV,No,--
SV002N,SV,No,--
SV002O,SV,No,--
SV003A,SV,No,--
SV003B,SV,No,--
SV003C,SV,No,--
SV003D,SV,No,--
SV003E,SV,No,--
SV003F,SV,No,--
SV003G,SV,No,--
SV003H,SV,No,--
SV003I,SV,No,--
SV003J,SV,No,--
SV003K,SV,No,--
SV003L,SV,No,--
SV003M,SV,No,--
SV003N,SV,No,--
SV003O,SV,No,--
SV003P,SV,No,--
SV003Q,SV,No,--
SV003R,SV,No,--
SV003S,SV,No,--
SV003T,SV,No,--
SV003U,SV,No,--
SV003V,SV,No,--
SV003W,SV,No,--
SV003X,SV,No,--
SV003Y,SV,No,--
SV004A,SV,No,--
SV005A,SV,No,--
SV005B,SV,No,--
SV005C,SV,No,--
SV006A,SV,No,--
SV007A,SV,No,--
SV008A,SV,No,--
SV009A,SV,No,--
SV010A,SV,No,--
SV011A,SV,No,--
SV012A,SV,No,--
SV013A,SV,No,--
SV014A,SV,No,--
SV014B,SV,No,--
SV014C,SV,No,--
SV014D,SV,No,--
SV014E,SV,No,--
SV015A,SG,No,--
SV015A,SV,No,--
SV015B,SG,No,--
SV015B,SV,No,--
SV016A,SG,No,--
SV016A,SV,No,--
SV016B,SG,No,--
SV016B,SV,No,--
SV016C,SG,No,--
SV016C,SV,No,--
SV016D,SG,No,--
SV016D,SV,No,--
SV017A,SV,No,--
SV017B,SV,No,--
SV017C,SV,No,--
SV017D,SV,No,--
SV018A,SV,No,--
SV018B,SV,No,--
SV019A,SV,No,--
SV019B,SV,No,--
SV019C,SV,No,--
SV019D,SV,No,--
SV019E,SV,No,--
SV019F,SV,No,--
SV019G,SV,No,--
SV019H,SV,No,--
SV019I,SV,No,--
SV019J,SV,No,--
SV019K,SV,No,--
SV019L,SV,No,--
SV019M,SV,No,--
SV019N,SV,No,--
SV019O,SV,No,--
SV019P,SV,No,--
SV019Q,SV,No,--
SV019R,SV,No,--
SV019S,SV,No,--
SV020A,SG,No,--
SV020A,SS,No,--
SV020A,SV,No,--
SV021A,SV,No,--
SV022A,SS,No,--
SV022A,SV,No,--
SV023A,SS,No,--
SV023A,SV,No,--
SV023B,SS,No,--
SV023B,SV,No,--
SV023C,SS,No,--
SV023C,SV,No,--
SV023D,SS,No,--
SV023D,SV,No,--
SV024A,SV,No,--
SV025A,SG,No,--
SV025A,SS,No,--
SV025A,SV,No,--
SV026A,SC,No,--
SV026A,SS,No,--
SV026A,SV,No,--
SV027A,SG,No,--
SV027A,SS,No,--
SV027A,SV,No,--
SV028A,SG,No,--
SV028A,SS,No,--
SV028A,SV,No,--
SV029A,SS,No,--
SV029A,SV,No,--
SV030A,SC,No,--
SV030A,SV,No,--
SV031A,SV,No,--
SV031B,SV,No,--
SV031C,SV,No,--
SV031D,SV,No,--
SV031E,SV,No,--
SV031F,SV,No,--
SV032A,SV,No,--
SV033A,SV,No,--
SV034A,SV,No,--
SVU100,SV,No,--
