state,state_name,admissions_2024_25,amount_cr_2024_25,avg_claim_rs_2024_25,admissions_2018_25,amount_cr_2018_25,expected_confirmed_fraud_2024_25,expected_innocent_flags_2024_25,nonadmissible_private_cr,nonadmissible_share_of_amount_pct,deempanelled_public_2018_25,deempanelled_private_2018_25,empanelled_public_2018_25,empanelled_private_2018_25,opted_out_2019_25,single_mobile_beneficiaries_2018_21,mental_health_admissions_2022,official_hospitals_2025_03,registry_hospitals_raw,registry_hospitals_in_scope,registry_public_pct,registry_minus_official
ANDAMAN AND NICOBAR ISLANDS,Andaman and Nicobar Islands,653.0,2.2,33691.0,3322.0,10.7,1.0,7.0,,,0.0,0.0,7,0,,,5.0,7,7,7.0,100.0,0
ANDHRA PRADESH,Andhra Pradesh,1575854.0,3195.9,20280.0,7608893.0,17143.7,2837.0,15730.0,,,0.0,246.0,1414,1053,5.0,,129.0,2493,2496,2298.0,60.9,3
ARUNACHAL PRADESH,Arunachal Pradesh,3261.0,6.0,18399.0,5677.0,11.1,6.0,33.0,,,0.0,0.0,46,4,,,24.0,51,51,51.0,90.2,0
ASSAM,Assam,395829.0,783.0,19781.0,1396819.0,2481.9,712.0,3951.0,0.48,0.019,0.0,8.0,183,170,12.0,74.0,799.0,352,352,344.0,51.2,0
BIHAR,Bihar,648593.0,949.6,14641.0,1599351.0,2011.2,1167.0,6474.0,7.26,0.361,0.0,58.0,587,452,,34057.0,139.0,1115,1115,1115.0,52.6,0
CHANDIGARH,Chandigarh,16850.0,18.8,11157.0,62570.0,59.2,30.0,168.0,0.04,0.068,1.0,1.0,7,24,2.0,2.0,23.0,31,31,31.0,22.6,0
CHHATTISGARH,Chhattisgarh,1353485.0,1851.8,13682.0,6916186.0,8165.3,2436.0,13510.0,120.34,1.474,0.0,12.0,1038,585,31.0,5576.0,2561.0,1661,1662,1661.0,62.7,1
DADRA AND NAGAR HAVELI AND DAMAN AND DIU,Dadra and Nagar Haveli and Daman and Diu,15954.0,14.0,8775.0,140904.0,111.0,29.0,159.0,0.02,0.018,0.0,0.0,15,5,,2285.0,123.0,20,20,20.0,75.0,0
DELHI,Delhi,,,,,,,,,,,,11,56,,,,73,73,,,0
GOA,Goa,7164.0,1.6,2233.0,12023.0,4.7,13.0,72.0,,,3.0,0.0,14,2,,5.0,,25,16,16.0,87.5,-9
GUJARAT,Gujarat,1132943.0,3048.4,26907.0,6297452.0,14371.9,2039.0,11309.0,31.58,0.22,0.0,3.0,1752,923,233.0,58060.0,343.0,2666,2656,2656.0,66.0,-10
HARYANA,Haryana,674326.0,1090.2,16167.0,2016782.0,2970.6,1214.0,6731.0,45.04,1.516,5.0,30.0,502,737,2.0,13555.0,261.0,1315,1250,1249.0,40.2,-65
HIMACHAL PRADESH,Himachal Pradesh,56954.0,91.7,16101.0,320509.0,430.5,103.0,569.0,0.76,0.177,16.0,14.0,138,144,,2892.0,513.0,287,288,288.0,47.9,1
JAMMU AND KASHMIR,Jammu and Kashmir,320554.0,624.4,19479.0,1524755.0,2736.5,577.0,3200.0,11.8,0.431,0.0,2.0,122,133,1.0,32900.0,,256,256,256.0,47.7,0
JHARKHAND,Jharkhand,318181.0,469.7,14762.0,2299631.0,2804.4,573.0,3176.0,8.78,0.313,0.0,184.0,240,321,,98622.0,179.0,557,557,557.0,43.1,0
KARNATAKA,Karnataka,2881283.0,1728.0,5997.0,10611723.0,8551.6,5186.0,28761.0,,,0.0,176.0,2971,581,18.0,,5477.0,3560,3608,3608.0,82.5,48
KERALA,Kerala,758934.0,1236.2,16289.0,6775019.0,7704.1,1366.0,7576.0,34.95,0.454,0.0,8.0,202,386,146.0,148581.0,2089.0,588,588,588.0,34.4,0
LADAKH,Ladakh,8270.0,10.7,12938.0,20755.0,30.4,15.0,83.0,0.0,0.0,0.0,0.0,9,0,,,,10,10,10.0,100.0,0
LAKSHADWEEP,Lakshadweep,399.0,1.1,27569.0,1351.0,3.9,1.0,4.0,,,0.0,0.0,5,0,,,,5,5,5.0,100.0,0
MADHYA PRADESH,Madhya Pradesh,1277222.0,2032.2,15911.0,5153253.0,8108.3,2299.0,12749.0,119.34,1.472,0.0,439.0,497,563,,128804.0,2243.0,1084,1076,1076.0,46.2,-8
MAHARASHTRA,Maharashtra,945441.0,2435.1,25756.0,2574878.0,6120.8,1702.0,9437.0,0.0,0.0,92.0,387.0,208,811,83.0,57419.0,137.0,1637,1692,1692.0,30.9,55
MANIPUR,Manipur,60489.0,80.4,13292.0,205296.0,274.6,109.0,604.0,0.22,0.08,0.0,1.0,34,34,1.0,,23.0,69,69,69.0,49.3,0
MEGHALAYA,Meghalaya,173750.0,199.1,11459.0,941722.0,908.1,313.0,1734.0,2.37,0.261,8.0,2.0,155,19,,69337.0,271.0,174,180,180.0,89.4,6
MIZORAM,Mizoram,30463.0,37.3,12244.0,151000.0,179.7,55.0,304.0,0.1,0.056,0.0,0.0,80,8,,58.0,100.0,88,88,88.0,90.9,0
NAGALAND,Nagaland,26607.0,58.3,21912.0,92009.0,185.9,48.0,266.0,0.17,0.091,22.0,0.0,50,26,,2.0,50.0,77,77,77.0,64.9,0
ODISHA,Odisha,,,,,,,,,,,,11,1,,,,12,12,,,0
PUDUCHERRY,Puducherry,32561.0,27.8,8538.0,111999.0,91.9,59.0,325.0,0.23,0.25,0.0,2.0,12,18,2.0,2735.0,5.0,30,30,30.0,40.0,0
PUNJAB,Punjab,454812.0,633.3,13924.0,2441954.0,3123.6,819.0,4540.0,28.71,0.919,0.0,22.0,218,551,40.0,30001.0,929.0,773,774,774.0,28.2,1
RAJASTHAN,Rajasthan,1486814.0,1611.7,10840.0,6393932.0,6885.7,2676.0,14841.0,,,0.0,11.0,922,974,7.0,,9.0,1904,1904,1904.0,48.8,0
SIKKIM,Sikkim,7688.0,6.2,8065.0,25934.0,23.1,14.0,77.0,,,0.0,1.0,14,5,,,19.0,19,19,19.0,73.7,0
TAMIL NADU,Tamil Nadu,869843.0,1308.6,15044.0,10926933.0,8007.9,1566.0,8683.0,,,0.0,15.0,1006,1208,,,2691.0,2245,2302,2300.0,45.4,57
TELANGANA,Telangana,503769.0,1200.9,23838.0,1999186.0,4349.6,907.0,5029.0,,,0.0,9.0,1015,374,,,,1425,1568,1568.0,64.9,143
TRIPURA,Tripura,92715.0,93.4,10074.0,402411.0,384.1,167.0,925.0,0.61,0.159,0.0,0.0,133,5,2.0,2687.0,43.0,138,138,138.0,96.4,0
UTTAR PRADESH,Uttar Pradesh,1829703.0,3160.7,17274.0,5555819.0,8778.1,3293.0,18264.0,139.03,1.584,3.0,416.0,2948,2889,24.0,75240.0,547.0,5876,5889,5889.0,50.1,13
UTTARAKHAND,Uttarakhand,288247.0,706.6,24514.0,1375915.0,2834.2,519.0,2877.0,10.57,0.373,0.0,85.0,105,183,,14571.0,428.0,291,294,294.0,35.7,3
WEST BENGAL,West Bengal,,,,,,,,,,,,27,15,,,,43,43,,,0
